"","week","demographic_value","total_cases","perc_cases"
"1",2020-04-19,"0-17 years",184,9.53605535887441e-05
"2",2020-04-19,"18-49 years",2375,0.000401969328132386
"3",2020-04-19,"50-64 years",1114,0.00058778742356521
"4",2020-04-19,"65-74 years",1111,0.000996307117273688
"5",2020-04-26,"0-17 years",601,0.000311476590798018
"6",2020-04-26,"18-49 years",5877,0.000994683680603804
"7",2020-04-26,"50-64 years",2634,0.00138979539826819
"8",2020-04-26,"65-74 years",2348,0.00210560676089885
"9",2020-05-03,"0-17 years",733,0.000379887422720377
"10",2020-05-03,"18-49 years",6934,0.00117358118790314
"11",2020-05-03,"50-64 years",2956,0.00155969445606711
"12",2020-05-03,"65-74 years",2430,0.00217914157963552
"13",2020-05-10,"0-17 years",852,0.000441560824226141
"14",2020-05-10,"18-49 years",6461,0.00109352582276351
"15",2020-05-10,"50-64 years",2636,0.00139085067191912
"16",2020-05-10,"65-74 years",2199,0.00197198861465782
"17",2020-05-17,"0-17 years",1237,0.000641092417333024
"18",2020-05-17,"18-49 years",7680,0.00129984186949757
"19",2020-05-17,"50-64 years",2996,0.00158079992908561
"20",2020-05-17,"65-74 years",1935,0.00173524236896902
"21",2020-05-24,"0-17 years",1792,0.000928728869733856
"22",2020-05-24,"18-49 years",10407,0.00176138728331526
"23",2020-05-24,"50-64 years",3603,0.00190107548214134
"24",2020-05-24,"65-74 years",2031,0.00182133191285586
"25",2020-05-31,"0-17 years",1693,0.000877420745792086
"26",2020-05-31,"18-49 years",10674,0.00180657709830951
"27",2020-05-31,"50-64 years",3592,0.00189527147706125
"28",2020-05-31,"65-74 years",2249,0.00201682691876555
"29",2020-06-07,"0-17 years",2237,0.00115935629553272
"30",2020-06-07,"18-49 years",11936,0.0020201709055108
"31",2020-06-07,"50-64 years",3801,0.00200554757358291
"32",2020-06-07,"65-74 years",2058,0.00184554459707403
"33",2020-06-14,"0-17 years",2713,0.00140604990155578
"34",2020-06-14,"18-49 years",15165,0.00256667994152743
"35",2020-06-14,"50-64 years",4689,0.0024740890745936
"36",2020-06-14,"65-74 years",2411,0.00216210302407458
"37",2020-06-21,"0-17 years",3649,0.00189114489155069
"38",2020-06-21,"18-49 years",23410,0.00396214819855965
"39",2020-06-21,"50-64 years",6337,0.00334363456295578
"40",2020-06-21,"65-74 years",3160,0.00283378081960833
"41",2020-06-28,"0-17 years",4673,0.00242184710282718
"42",2020-06-28,"18-49 years",32371,0.00547879962988357
"43",2020-06-28,"50-64 years",8486,0.00447752610087466
"44",2020-06-28,"65-74 years",4160,0.00373054690176286
"45",2020-07-05,"0-17 years",5433,0.00281572765025895
"46",2020-07-05,"18-49 years",39016,0.00660346749743713
"47",2020-07-05,"50-64 years",10827,0.00571272390928235
"48",2020-07-05,"65-74 years",5283,0.0047376152120224
"49",2020-07-12,"0-17 years",6261,0.0032448501414083
"50",2020-07-12,"18-49 years",40861,0.00691573419655471
"51",2020-07-12,"50-64 years",11303,0.00596387903820249
"52",2020-07-12,"65-74 years",5390,0.00483356918281294
"53",2020-07-19,"0-17 years",7494,0.00388386950322852
"54",2020-07-19,"18-49 years",42866,0.00725508093462015
"55",2020-07-19,"50-64 years",12495,0.00659282213415377
"56",2020-07-19,"65-74 years",6024,0.00540211887889891
"57",2020-07-26,"0-17 years",6149,0.00318680458704993
"58",2020-07-26,"18-49 years",34077,0.00576754054516519
"59",2020-07-26,"50-64 years",10057,0.00530644355367623
"60",2020-07-26,"65-74 years",5016,0.00449817866808714
"61",2020-08-02,"0-17 years",5548,0.00287532799625192
"62",2020-08-02,"18-49 years",26505,0.00448597770195743
"63",2020-08-02,"50-64 years",8309,0.0043841343827678
"64",2020-08-02,"65-74 years",4623,0.00414574959780041
"65",2020-08-09,"0-17 years",8526,0.00441871782553061
"66",2020-08-09,"18-49 years",39781,0.00673294393365661
"67",2020-08-09,"50-64 years",12638,0.00666827420019491
"68",2020-08-09,"65-74 years",6339,0.00568460019477759
"69",2020-08-16,"0-17 years",5574,0.00288880285708511
"70",2020-08-16,"18-49 years",24660,0.00417371100283985
"71",2020-08-16,"50-64 years",7543,0.00397996457446354
"72",2020-08-16,"65-74 years",4287,0.00384443619419649
"73",2020-08-23,"0-17 years",4473,0.00231819432718724
"74",2020-08-23,"18-49 years",21171,0.00358319690353295
"75",2020-08-23,"50-64 years",6765,0.00356946312425372
"76",2020-08-23,"65-74 years",3829,0.00343371732856971
"77",2020-08-30,"0-17 years",3813,0.00197614016757544
"78",2020-08-30,"18-49 years",19279,0.00326297544297443
"79",2020-08-30,"50-64 years",5690,0.00300225353688155
"80",2020-08-30,"65-74 years",3456,0.00309922357992607
"81",2020-09-06,"0-17 years",2697,0.00139775767950458
"82",2020-09-06,"18-49 years",13624,0.00230586531641079
"83",2020-09-06,"50-64 years",4131,0.00217966772598553
"84",2020-09-06,"65-74 years",2313,0.00207421994802344
"85",2020-09-13,"0-17 years",2882,0.00149363649697152
"86",2020-09-13,"18-49 years",13859,0.00234563912361547
"87",2020-09-13,"50-64 years",4422,0.00233321004219512
"88",2020-09-13,"65-74 years",2326,0.00208587790709145
"89",2020-09-20,"0-17 years",2955,0.0015314697600801
"90",2020-09-20,"18-49 years",14127,0.00239099818885315
"91",2020-09-20,"50-64 years",4458,0.00235220496791177
"92",2020-09-20,"65-74 years",2397,0.00214954829892442
"93",2020-09-27,"0-17 years",2724,0.00141175080421597
"94",2020-09-27,"18-49 years",12556,0.00212510605643379
"95",2020-09-27,"50-64 years",3891,0.00205303488787454
"96",2020-09-27,"65-74 years",2247,0.00201503338660124
"97",2020-10-04,"0-17 years",2943,0.00152525059354171
"98",2020-10-04,"18-49 years",13349,0.00225932149946915
"99",2020-10-04,"50-64 years",4339,0.00228941618568173
"100",2020-10-04,"65-74 years",2226,0.00199620129887599
"101",2020-10-11,"0-17 years",2780,0.00144077358139516
"102",2020-10-11,"18-49 years",12041,0.00203794218107034
"103",2020-10-11,"50-64 years",3856,0.00203456759898335
"104",2020-10-11,"65-74 years",2077,0.00186258315263497
"105",2020-10-18,"0-17 years",4132,0.00214146634472115
"106",2020-10-18,"18-49 years",17837,0.00301891659195679
"107",2020-10-18,"50-64 years",5743,0.00303021828863106
"108",2020-10-18,"65-74 years",3010,0.00269926590728515
"109",2020-10-25,"0-17 years",3520,0.00182428885126293
"110",2020-10-25,"18-49 years",16675,0.00282224780909791
"111",2020-10-25,"50-64 years",5401,0.00284976649432289
"112",2020-10-25,"65-74 years",2904,0.00260420870257677
"113",2020-11-01,"0-17 years",4852,0.00251461633702493
"114",2020-11-01,"18-49 years",22473,0.00380356072047121
"115",2020-11-01,"50-64 years",7071,0.00373091999284524
"116",2020-11-01,"65-74 years",3682,0.003301892714493
"117",2020-11-08,"0-17 years",7054,0.00365583339682066
"118",2020-11-08,"18-49 years",32687,0.0055322827068056
"119",2020-11-08,"50-64 years",9757,0.00514815250603748
"120",2020-11-08,"65-74 years",5152,0.00462013885526016
"121",2020-11-15,"0-17 years",10545,0.0054650925956158
"122",2020-11-15,"18-49 years",48897,0.00827582915271128
"123",2020-11-15,"50-64 years",15332,0.00808972780799085
"124",2020-11-15,"65-74 years",7897,0.00708176175077436
"125",2020-11-22,"0-17 years",12012,0.00622538570493475
"126",2020-11-22,"18-49 years",56747,0.00960444356359096
"127",2020-11-22,"50-64 years",18310,0.00966103027421814
"128",2020-11-22,"65-74 years",9773,0.00876409492089626
"129",2020-11-29,"0-17 years",17954,0.00930490966919735
"130",2020-11-29,"18-49 years",83720,0.0141696303794709
"131",2020-11-29,"50-64 years",26716,0.0140963454290558
"132",2020-11-29,"65-74 years",14303,0.0128264452730563
"133",2020-12-06,"0-17 years",28333,0.014683970461032
"134",2020-12-06,"18-49 years",122920,0.0208042399216981
"135",2020-12-06,"50-64 years",38823,0.0204844444749301
"136",2020-12-06,"65-74 years",19873,0.0178214323506571
"137",2020-12-13,"0-17 years",39865,0.0206605895044309
"138",2020-12-13,"18-49 years",173790,0.0294139998046852
"139",2020-12-13,"50-64 years",58190,0.0307031868736621
"140",2020-12-13,"65-74 years",30751,0.0275764537923341
"141",2020-12-20,"0-17 years",35977,0.0186455795459905
"142",2020-12-20,"18-49 years",150661,0.0254994109245278
"143",2020-12-20,"50-64 years",52665,0.0277879934129819
"144",2020-12-20,"65-74 years",28853,0.0258743917684048
"145",2020-12-27,"0-17 years",34940,0.0181081399042974
"146",2020-12-27,"18-49 years",152406,0.0257947525993029
"147",2020-12-27,"50-64 years",51755,0.027307843901811
"148",2020-12-27,"65-74 years",29267,0.0262456529264168
"149",2021-01-03,"0-17 years",38093,0.019742225912261
"150",2021-01-03,"18-49 years",157979,0.0267379842059058
"151",2021-01-03,"50-64 years",53290,0.0281177664288959
"152",2021-01-03,"65-74 years",30102,0.0269944526050158
"153",2021-01-10,"0-17 years",40188,0.0208279887370894
"154",2021-01-10,"18-49 years",149743,0.0253440392010644
"155",2021-01-10,"50-64 years",52087,0.0274830193278646
"156",2021-01-10,"65-74 years",29356,0.0263254651077285
"157",2021-01-17,"0-17 years",24343,0.0126160975870152
"158",2021-01-17,"18-49 years",90205,0.0152672182080766
"159",2021-01-17,"50-64 years",32639,0.0172215383462701
"160",2021-01-17,"65-74 years",19421,0.0174160940815232
"161",2021-01-24,"0-17 years",19322,0.0100138946545745
"162",2021-01-24,"18-49 years",72061,0.0121963417913886
"163",2021-01-24,"50-64 years",26771,0.0141253654544562
"164",2021-01-24,"65-74 years",15940,0.0142944513495433
"165",2021-01-31,"0-17 years",13725,0.00711317172829083
"166",2021-01-31,"18-49 years",49231,0.00833235873401495
"167",2021-01-31,"50-64 years",18153,0.00957819129262052
"168",2021-01-31,"65-74 years",11509,0.0103208808395165
"169",2021-02-07,"0-17 years",9619,0.00498518024440288
"170",2021-02-07,"18-49 years",33855,0.00572996699112503
"171",2021-02-07,"50-64 years",12575,0.00663503308019077
"172",2021-02-07,"65-74 years",7874,0.0070611361308848
"173",2021-02-14,"0-17 years",6033,0.00312668597717877
"174",2021-02-14,"18-49 years",22563,0.00381879324237938
"175",2021-02-14,"50-64 years",8205,0.0043292601529197
"176",2021-02-14,"65-74 years",5236,0.00469546720616114
"177",2021-02-21,"0-17 years",4785,0.00247989265718555
"178",2021-02-21,"18-49 years",18323,0.00310117221026093
"179",2021-02-21,"50-64 years",6663,0.00351564416805655
"180",2021-02-21,"65-74 years",3842,0.00344537528763772
"181",2021-02-28,"0-17 years",3756,0.00194659912651806
"182",2021-02-28,"18-49 years",13992,0.00236814940599088
"183",2021-02-28,"50-64 years",5108,0.00269516890446238
"184",2021-02-28,"65-74 years",2960,0.00265442760317742
"185",2021-03-07,"0-17 years",3284,0.0017019785760078
"186",2021-03-07,"18-49 years",14287,0.00241807822780101
"187",2021-03-07,"50-64 years",4680,0.00246934034316444
"188",2021-03-07,"65-74 years",2681,0.00240422986625631
"189",2021-03-14,"0-17 years",2775,0.00143818226200416
"190",2021-03-14,"18-49 years",10596,0.00179337557932243
"191",2021-03-14,"50-64 years",3651,0.00192640204976354
"192",2021-03-14,"65-74 years",1906,0.00170923615258654
"193",2021-03-21,"0-17 years",2616,0.00135577830537041
"194",2021-03-21,"18-49 years",9851,0.00166728414797143
"195",2021-03-21,"50-64 years",3043,0.00160559885988235
"196",2021-03-21,"65-74 years",1401,0.0012563692810985
"197",2021-03-28,"0-17 years",2683,0.00139050198520979
"198",2021-03-28,"18-49 years",10850,0.00183636514115216
"199",2021-03-28,"50-64 years",3231,0.0017047945830693
"200",2021-03-28,"65-74 years",1405,0.00125995634542712
"201",2021-04-04,"0-17 years",2891,0.00149830087187532
"202",2021-04-04,"18-49 years",12091,0.00204640469324155
"203",2021-04-04,"50-64 years",3361,0.00177338737037942
"204",2021-04-04,"65-74 years",1426,0.00127878843315237
"205",2021-04-11,"0-17 years",2822,0.00146254066427954
"206",2021-04-11,"18-49 years",9886,0.00167320790649127
"207",2021-04-11,"50-64 years",2739,0.00144519726494175
"208",2021-04-11,"65-74 years",1132,0.00101513920499893
"209",2021-04-18,"0-17 years",2481,0.00128581268181345
"210",2021-04-18,"18-49 years",7596,0.00128562484904994
"211",2021-04-18,"50-64 years",2038,0.00107532385029255
"212",2021-04-18,"65-74 years",752,0.00067436809378021
"213",2021-04-25,"0-17 years",2460,0.00127492914037125
"214",2021-04-25,"18-49 years",7504,0.00127005382665492
"215",2021-04-25,"50-64 years",1940,0.00102361544139722
"216",2021-04-25,"65-74 years",961,0.000861792204950508
"217",2021-05-02,"0-17 years",2172,0.00112566914344974
"218",2021-05-02,"18-49 years",7073,0.0011971069717391
"219",2021-05-02,"50-64 years",1767,0.000932334270592214
"220",2021-05-02,"65-74 years",986,0.000884211357004371
"221",2021-05-09,"0-17 years",1875,0.000971744771624431
"222",2021-05-09,"18-49 years",6077,0.00102853372928864
"223",2021-05-09,"50-64 years",1592,0.000839997826136279
"224",2021-05-09,"65-74 years",819,0.000734451421284564
"225",2021-05-16,"0-17 years",1612,0.000835441371657911
"226",2021-05-16,"18-49 years",4588,0.000776520116830058
"227",2021-05-16,"50-64 years",1151,0.000607309986107322
"228",2021-05-16,"65-74 years",721,0.000646568345233419
"229",2021-05-23,"0-17 years",1757,0.000910589633996867
"230",2021-05-23,"18-49 years",6066,0.00102667197661097
"231",2021-05-23,"50-64 years",2064,0.00108904240775457
"232",2021-05-23,"65-74 years",1544,0.0013846068308466
"233",2021-05-30,"0-17 years",1029,0.000533293530667488
"234",2021-05-30,"18-49 years",3267,0.000552940545266739
"235",2021-05-30,"50-64 years",848,0.000447436027992189
"236",2021-05-30,"65-74 years",470,0.000421480058612631
"237",2021-06-06,"0-17 years",1150,0.000596003459929651
"238",2021-06-06,"18-49 years",3713,0.000628426153833916
"239",2021-06-06,"50-64 years",1020,0.000538189561971737
"240",2021-06-06,"65-74 years",602,0.00053985318145703
"241",2021-06-13,"0-17 years",1116,0.000578382488070861
"242",2021-06-13,"18-49 years",3808,0.000644504926959211
"243",2021-06-13,"50-64 years",990,0.000522360457207862
"244",2021-06-13,"65-74 years",493,0.000442105678502185
"245",2021-06-20,"0-17 years",1434,0.000743190401338365
"246",2021-06-20,"18-49 years",5829,0.000986559668919444
"247",2021-06-20,"50-64 years",1688,0.000890650961380678
"248",2021-06-20,"65-74 years",919,0.000824128029500017
"249",2021-06-27,"0-17 years",948,0.000491314156533312
"250",2021-06-27,"18-49 years",3373,0.0005708810710697
"251",2021-06-27,"50-64 years",766,0.000404169808304265
"252",2021-06-27,"65-74 years",417,0.000373951456258441
"253",2021-07-04,"0-17 years",1800,0.000932874980759454
"254",2021-07-04,"18-49 years",6917,0.00117070393376493
"255",2021-07-04,"50-64 years",1486,0.000784068322637256
"256",2021-07-04,"65-74 years",682,0.000611594468029392
"257",2021-07-11,"0-17 years",3370,0.00174654926953298
"258",2021-07-11,"18-49 years",15660,0.00265045881202239
"259",2021-07-11,"50-64 years",3192,0.00168421674687626
"260",2021-07-11,"65-74 years",1333,0.00119538918751199
"261",2021-07-18,"0-17 years",5931,0.0030738230616024
"262",2021-07-18,"18-49 years",24292,0.00411142691325976
"263",2021-07-18,"50-64 years",5076,0.00267828452604758
"264",2021-07-18,"65-74 years",2354,0.00211098735739177
"265",2021-07-25,"0-17 years",8986,0.00465711920950247
"266",2021-07-25,"18-49 years",34081,0.00576821754613889
"267",2021-07-25,"50-64 years",7638,0.00403009007288247
"268",2021-07-25,"65-74 years",3622,0.00324808674956372
"269",2021-08-01,"0-17 years",17587,0.00911470682589806
"270",2021-08-01,"18-49 years",60240,0.0101956346638716
"271",2021-08-01,"50-64 years",14535,0.00766920125809725
"272",2021-08-01,"65-74 years",7002,0.00627915610724605
"273",2021-08-08,"0-17 years",16711,0.00866070766859513
"274",2021-08-08,"18-49 years",47122,0.00797540997063339
"275",2021-08-08,"50-64 years",12244,0.00646038529096269
"276",2021-08-08,"65-74 years",6347,0.00569177432343483
"277",2021-08-15,"0-17 years",20865,0.0108135758186367
"278",2021-08-15,"18-49 years",49030,0.00829833943508669
"279",2021-08-15,"50-64 years",13558,0.0071537000796204
"280",2021-08-15,"65-74 years",7258,0.00650872822427761
"281",2021-08-22,"0-17 years",20634,0.0106938568627725
"282",2021-08-22,"18-49 years",44433,0.00752029606606582
"283",2021-08-22,"50-64 years",12770,0.00673792226115596
"284",2021-08-22,"65-74 years",7245,0.0064970702652096
"285",2021-08-29,"0-17 years",23505,0.0121817924570839
"286",2021-08-29,"18-49 years",48066,0.0081351822004258
"287",2021-08-29,"50-64 years",14048,0.00741224212409702
"288",2021-08-29,"65-74 years",7853,0.00704230404315956
"289",2021-09-05,"0-17 years",15708,0.00814088899876083
"290",2021-09-05,"18-49 years",32044,0.00542345480028387
"291",2021-09-05,"50-64 years",9397,0.00495820324887099
"292",2021-09-05,"65-74 years",5364,0.00481025326467692
"293",2021-09-12,"0-17 years",15527,0.00804708323680669
"294",2021-09-12,"18-49 years",31532,0.0053367986756507
"295",2021-09-12,"50-64 years",9292,0.00490280138219743
"296",2021-09-12,"65-74 years",5365,0.00481115003075908
"297",2021-09-19,"0-17 years",7777,0.00403053818075904
"298",2021-09-19,"18-49 years",16551,0.00280126077891332
"299",2021-09-19,"50-64 years",5259,0.00277484206510722
"300",2021-09-19,"65-74 years",3169,0.00284185171434772
"301",2021-09-26,"0-17 years",11777,0.00610359369355782
"302",2021-09-26,"18-49 years",24343,0.00412005867567439
"303",2021-09-26,"50-64 years",7438,0.00392456270778998
"304",2021-09-26,"65-74 years",4451,0.00399150583166983
"305",2021-10-03,"0-17 years",9487,0.00491676941248052
"306",2021-10-03,"18-49 years",19850,0.00335961733196963
"307",2021-10-03,"50-64 years",6346,0.00334838329438494
"308",2021-10-03,"65-74 years",3849,0.0034516526502128
"309",2021-10-10,"0-17 years",8481,0.00439539595101163
"310",2021-10-10,"18-49 years",17392,0.00294360023363304
"311",2021-10-10,"50-64 years",5824,0.00307295687149352
"312",2021-10-10,"65-74 years",3569,0.00320055814720953
"313",2021-10-17,"0-17 years",8449,0.00437881150690923
"314",2021-10-17,"18-49 years",17177,0.00290721143129684
"315",2021-10-17,"50-64 years",5803,0.00306187649815881
"316",2021-10-17,"65-74 years",3672,0.00329292505367145
"317",2021-10-24,"0-17 years",6690,0.00346718534515597
"318",2021-10-24,"18-49 years",20536,0.0034757229989586
"319",2021-10-24,"50-64 years",7837,0.00413508980114951
"320",2021-10-24,"65-74 years",5923,0.00531154550460131
"321",2021-10-31,"0-17 years",9525,0.00493646343985211
"322",2021-10-31,"18-49 years",20317,0.00343865719564871
"323",2021-10-31,"50-64 years",6695,0.00353252854647135
"324",2021-10-31,"65-74 years",4160,0.00373054690176286
"325",2021-11-07,"0-17 years",10378,0.00537854252795645
"326",2021-11-07,"18-49 years",22124,0.00374449238551617
"327",2021-11-07,"50-64 years",6840,0.00360903588616341
"328",2021-11-07,"65-74 years",3970,0.0035601613461535
"329",2021-11-14,"0-17 years",6127,0.00317540278172954
"330",2021-11-14,"18-49 years",13493,0.00228369353452223
"331",2021-11-14,"50-64 years",4478,0.00236275770442102
"332",2021-11-14,"65-74 years",2610,0.00234055947442333
"333",2021-11-21,"0-17 years",5066,0.00262552480695966
"334",2021-11-21,"18-49 years",11467,0.00194079254134487
"335",2021-11-21,"50-64 years",3838,0.00202507013612502
"336",2021-11-21,"65-74 years",2182,0.00195674359126119
"337",2021-11-28,"0-17 years",8671,0.00449386608786957
"338",2021-11-28,"18-49 years",22349,0.00378257369028661
"339",2021-11-28,"50-64 years",7047,0.00371825670903414
"340",2021-11-28,"65-74 years",3945,0.00353774219409964
"341",2021-12-05,"0-17 years",10997,0.00569934786856206
"342",2021-12-05,"18-49 years",22698,0.00384164202524164
"343",2021-12-05,"50-64 years",7234,0.00381692479539563
"344",2021-12-05,"65-74 years",3756,0.00336825340457243
"345",2021-12-12,"0-17 years",9604,0.00497740628622988
"346",2021-12-12,"18-49 years",21972,0.0037187663485157
"347",2021-12-12,"50-64 years",6448,0.00340220225058212
"348",2021-12-12,"65-74 years",3552,0.00318531312381291
"349",2021-12-19,"0-17 years",11332,0.00587296626775896
"350",2021-12-19,"18-49 years",54459,0.00921719900663647
"351",2021-12-19,"50-64 years",10649,0.00561880455435002
"352",2021-12-19,"65-74 years",4363,0.00391259041644023
"353",2021-12-26,"0-17 years",27752,0.014382859147798
"354",2021-12-26,"18-49 years",132826,0.0224808328330578
"355",2021-12-26,"50-64 years",29126,0.0153679501784204
"356",2021-12-26,"65-74 years",11667,0.010462569880497
"357",2022-01-02,"0-17 years",79037,0.0409620221412694
"358",2022-01-02,"18-49 years",265335,0.0449080133389502
"359",2022-01-02,"50-64 years",69229,0.0365277697899425
"360",2022-01-02,"65-74 years",29150,0.0261407312948047
"361",2022-01-09,"0-17 years",203141,0.105280642481365
"362",2022-01-09,"18-49 years",420874,0.071233026950901
"363",2022-01-09,"50-64 years",110418,0.0582606029939169
"364",2022-01-09,"65-74 years",46995,0.0421435220308523
"365",2022-01-16,"0-17 years",185429,0.0961011526706915
"366",2022-01-16,"18-49 years",359630,0.0608674650426316
"367",2022-01-16,"50-64 years",109680,0.0578712070167256
"368",2022-01-16,"65-74 years",52057,0.0466829519387186
"369",2022-01-23,"0-17 years",158909,0.0823567946208356
"370",2022-01-23,"18-49 years",285050,0.0482447818880576
"371",2022-01-23,"50-64 years",90857,0.0479394990510452
"372",2022-01-23,"65-74 years",47579,0.0426672334228306
"373",2022-01-30,"0-17 years",79953,0.0414367518537003
"374",2022-01-30,"18-49 years",143741,0.0243281992400326
"375",2022-01-30,"50-64 years",47280,0.0249466691078664
"376",2022-01-30,"65-74 years",28809,0.02583493406079
"377",2022-02-06,"0-17 years",49174,0.0254851079465919
"378",2022-02-06,"18-49 years",96634,0.0163553280230505
"379",2022-02-06,"50-64 years",31562,0.016653273485247
"380",2022-02-06,"65-74 years",19873,0.0178214323506571
"381",2022-02-13,"0-17 years",20929,0.0108467447068414
"382",2022-02-13,"18-49 years",43464,0.0073562925801878
"383",2022-02-13,"50-64 years",15256,0.0080496274092557
"384",2022-02-13,"65-74 years",11474,0.0102894940266411
"385",2022-02-20,"0-17 years",13781,0.00714219450547002
"386",2022-02-20,"18-49 years",33598,0.00568646967856502
"387",2022-02-20,"50-64 years",10530,0.00555601577211999
"388",2022-02-20,"65-74 years",7371,0.00661006279156107
"389",2022-02-27,"0-17 years",7731,0.00400669804236185
"390",2022-02-27,"18-49 years",19023,0.00321964738065785
"391",2022-02-27,"50-64 years",6318,0.00333360946327199
"392",2022-02-27,"65-74 years",4851,0.00435021226453165
"393",2022-03-06,"0-17 years",5075,0.00263018918186346
"394",2022-03-06,"18-49 years",13690,0.00231703583247679
"395",2022-03-06,"50-64 years",4361,0.00230102419584191
"396",2022-03-06,"65-74 years",3684,0.0033036862466573
"397",2022-03-13,"0-17 years",3894,0.00201811954170962
"398",2022-03-13,"18-49 years",12336,0.00208787100288047
"399",2022-03-13,"50-64 years",3977,0.00209841165486431
"400",2022-03-13,"65-74 years",3093,0.00277369749210397
"401",2022-03-20,"0-17 years",4493,0.00232855960475124
"402",2022-03-20,"18-49 years",13721,0.00232228259002294
"403",2022-03-20,"50-64 years",4906,0.00258858626571896
"404",2022-03-20,"65-74 years",3284,0.00294497981379549
"405",2022-03-27,"0-17 years",2709,0.00140397684604298
"406",2022-03-27,"18-49 years",10134,0.00171518196686046
"407",2022-03-27,"50-64 years",2972,0.00156813664527451
"408",2022-03-27,"65-74 years",2189,0.00196302095383628
"409",2022-04-03,"0-17 years",2633,0.0013645887912998
"410",2022-04-03,"18-49 years",11780,0.00199376786753664
"411",2022-04-03,"50-64 years",3361,0.00177338737037942
"412",2022-04-03,"65-74 years",2255,0.00202220751525848
"413",2022-04-10,"0-17 years",2904,0.00150503830229192
"414",2022-04-10,"18-49 years",13787,0.00233345310608893
"415",2022-04-10,"50-64 years",4057,0.00214062260090131
"416",2022-04-10,"65-74 years",2504,0.00224550226971495
"417",2022-04-17,"0-17 years",4074,0.00211140703978556
"418",2022-04-17,"18-49 years",17020,0.00288063914307925
"419",2022-04-17,"50-64 years",5068,0.00267406343144388
"420",2022-04-17,"65-74 years",3317,0.00297457309450659
"421",2022-04-24,"0-17 years",6370,0.00330134090413207
"422",2022-04-24,"18-49 years",22210,0.00375904790645065
"423",2022-04-24,"50-64 years",6536,0.00344863429122281
"424",2022-04-24,"65-74 years",4055,0.00363638646313664
"425",2022-05-01,"0-17 years",8074,0.00418446255258435
"426",2022-05-01,"18-49 years",27296,0.00461985464450594
"427",2022-05-01,"50-64 years",8202,0.00432767724244332
"428",2022-05-01,"65-74 years",5171,0.0046371774108211
"429",2022-05-08,"0-17 years",8751,0.00453532719812554
"430",2022-05-08,"18-49 years",29230,0.00494718461528827
"431",2022-05-08,"50-64 years",9187,0.00484739951552387
"432",2022-05-08,"65-74 years",5746,0.00515281790805995
"433",2022-05-15,"0-17 years",16057,0.00832176309225252
"434",2022-05-15,"18-49 years",47916,0.00810979466391218
"435",2022-05-15,"50-64 years",16169,0.00853135983090295
"436",2022-05-15,"65-74 years",10389,0.00931650282750346
"437",2022-05-22,"0-17 years",16608,0.00860732648914056
"438",2022-05-22,"18-49 years",52718,0.008922534332835
"439",2022-05-22,"50-64 years",17907,0.00944839263355675
"440",2022-05-22,"65-74 years",11011,0.00987429133060358
"441",2022-05-29,"0-17 years",15444,0.00800406733491611
"442",2022-05-29,"18-49 years",49955,0.00845489591025404
"443",2022-05-29,"50-64 years",16924,0.00892972563412713
"444",2022-05-29,"65-74 years",10760,0.00964920304398279
"445",2022-06-05,"0-17 years",18848,0.00976823757630788
"446",2022-06-05,"18-49 years",63474,0.0107429899511053
"447",2022-06-05,"50-64 years",21289,0.0112328603772709
"448",2022-06-05,"65-74 years",13062,0.0117135585651025
"449",2022-06-12,"0-17 years",14272,0.00739666206966607
"450",2022-06-12,"18-49 years",51335,0.00868846124617939
"451",2022-06-12,"50-64 years",17475,0.00922045352495696
"452",2022-06-12,"65-74 years",10795,0.0096805898568582
"453",2022-06-19,"0-17 years",14397,0.00746144505444103
"454",2022-06-19,"18-49 years",61850,0.0104681275557845
"455",2022-06-19,"50-64 years",22424,0.0118317281741708
"456",2022-06-19,"65-74 years",14206,0.0127394589630873
"457",2022-06-26,"0-17 years",15328,0.00794394872504495
"458",2022-06-26,"18-49 years",64576,0.0109295037193587
"459",2022-06-26,"50-64 years",23196,0.0122390638034278
"460",2022-06-26,"65-74 years",15285,0.0137070695657321
"461",2022-07-03,"0-17 years",14522,0.00752622803921599
"462",2022-07-03,"18-49 years",58838,0.00995834582259088
"463",2022-07-03,"50-64 years",21019,0.011090398434396
"464",2022-07-03,"65-74 years",14452,0.0129600634192973
"465",2022-07-10,"0-17 years",17852,0.00925204675362098
"466",2022-07-10,"18-49 years",73768,0.0124852519569136
"467",2022-07-10,"50-64 years",27438,0.0144772992170397
"468",2022-07-10,"65-74 years",18492,0.0165829983912016
"469",2022-07-17,"0-17 years",17300,0.00896596509285475
"470",2022-07-17,"18-49 years",67299,0.0113903721322027
"471",2022-07-17,"50-64 years",25186,0.0132890610860982
"472",2022-07-17,"65-74 years",17138,0.0153687771159644
"473",2022-07-24,"0-17 years",16131,0.0083601146192393
"474",2022-07-24,"18-49 years",61911,0.0104784518206333
"475",2022-07-24,"50-64 years",23430,0.0123625308205861
"476",2022-07-24,"65-74 years",16393,0.0147006863847593
"477",2022-07-31,"0-17 years",13609,0.00705305311841967
"478",2022-07-31,"18-49 years",53366,0.00903220849057386
"479",2022-07-31,"50-64 years",20228,0.0106730377054552
"480",2022-07-31,"65-74 years",14368,0.0128847350683963
"481",2022-08-07,"0-17 years",11097,0.00575117425638203
"482",2022-08-07,"18-49 years",41777,0.00707076741953124
"483",2022-08-07,"50-64 years",15966,0.00842424955533407
"484",2022-08-07,"65-74 years",11539,0.0103477838219812
"485",2022-08-14,"0-17 years",10884,0.0056407840503255
"486",2022-08-14,"18-49 years",35730,0.00604731119754533
"487",2022-08-14,"50-64 years",13647,0.00720065975708656
"488",2022-08-14,"65-74 years",10534,0.00944653390941586
"489",2022-08-21,"0-17 years",10931,0.00566514245260088
"490",2022-08-21,"18-49 years",30442,0.00515231591031836
"491",2022-08-21,"50-64 years",11729,0.00618865232584951
"492",2022-08-21,"65-74 years",9152,0.0082072031838783
"493",2022-08-28,"0-17 years",9228,0.0047825390680268
"494",2022-08-28,"18-49 years",26361,0.00446160566690435
"495",2022-08-28,"50-64 years",9757,0.00514815250603748
"496",2022-08-28,"65-74 years",8021,0.00719296074496152
"497",2022-09-04,"0-17 years",5918,0.0030670856311858
"498",2022-09-04,"18-49 years",19237,0.00325586693275062
"499",2022-09-04,"50-64 years",7135,0.00376468874967484
"500",2022-09-04,"65-74 years",6397,0.00573661262754256
"501",2022-09-18,"0-17 years",6491,0.00336405083339423
"502",2022-09-18,"18-49 years",27497,0.0046538739434342
"503",2022-09-18,"50-64 years",11300,0.0059622961277261
"504",2022-09-18,"65-74 years",9896,0.00887439714900127
"505",2022-09-25,"0-17 years",2815,0.00145891281713215
"506",2022-09-25,"18-49 years",13000,0.00220025316451411
"507",2022-09-25,"50-64 years",5965,0.00314735366388373
"508",2022-09-25,"65-74 years",5417,0.00485778186703111
"509",2022-10-02,"0-17 years",2344,0.00121481053050009
"510",2022-10-02,"18-49 years",11894,0.00201306239528699
"511",2022-10-02,"50-64 years",5572,0.00293999239147698
"512",2022-10-02,"65-74 years",5179,0.00464435153947833
"513",2022-10-09,"0-17 years",2066,0.00107073317236057
"514",2022-10-09,"18-49 years",9731,0.00164697411876053
"515",2022-10-09,"50-64 years",4627,0.00244137559141493
"516",2022-10-09,"65-74 years",4874,0.0043708378844212
"517",2022-10-16,"0-17 years",1870,0.000969153452233432
"518",2022-10-16,"18-49 years",8325,0.00140900827650615
"519",2022-10-16,"50-64 years",3875,0.00204459269866714
"520",2022-10-16,"65-74 years",4056,0.00363728322921879
"521",2022-10-23,"0-17 years",2362,0.00122413928030768
"522",2022-10-23,"18-49 years",10126,0.00171382796491307
"523",2022-10-23,"50-64 years",4917,0.00259439027079905
"524",2022-10-23,"65-74 years",4672,0.00418969113582598
"525",2022-10-30,"0-17 years",2040,0.00105725831152738
"526",2022-10-30,"18-49 years",9401,0.00159112153843055
"527",2022-10-30,"50-64 years",4467,0.00235695369934093
"528",2022-10-30,"65-74 years",4262,0.00382201704214263
"529",2022-11-06,"0-17 years",2521,0.00130654323694143
"530",2022-11-06,"18-49 years",11221,0.00189915698146253
"531",2022-11-06,"50-64 years",4773,0.00251841056793245
"532",2022-11-06,"65-74 years",4735,0.00424618739900172
"533",2022-11-13,"0-17 years",3352,0.00173722051972538
"534",2022-11-13,"18-49 years",14833,0.0025104888607106
"535",2022-11-13,"50-64 years",6814,0.00359531732870139
"536",2022-11-13,"65-74 years",6324,0.00567114870354527
"537",2022-11-20,"0-17 years",3561,0.00184553767026912
"538",2022-11-20,"18-49 years",17841,0.00301959359293049
"539",2022-11-20,"50-64 years",8188,0.00432029032688684
"540",2022-11-20,"65-74 years",7703,0.00690778913083638
"541",2022-11-27,"0-17 years",3511,0.00181962447635913
"542",2022-11-27,"18-49 years",18894,0.00319781409925613
"543",2022-11-27,"50-64 years",8724,0.00460310366533474
"544",2022-11-27,"65-74 years",9348,0.00838296933598059
"545",2022-12-04,"0-17 years",6778,0.00351279256643754
"546",2022-12-04,"18-49 years",35847,0.00606711347602596
"547",2022-12-04,"50-64 years",16570,0.00874294219791341
"548",2022-12-04,"65-74 years",15268,0.0136918245423354
"549",2022-12-11,"0-17 years",6756,0.00350139076111715
"550",2022-12-11,"18-49 years",30257,0.00512100461528489
"551",2022-12-11,"50-64 years",14191,0.00748769419013815
"552",2022-12-11,"65-74 years",12880,0.0115503471381504
"553",2022-12-18,"0-17 years",4871,0.00252446335071072
"554",2022-12-18,"18-49 years",20673,0.00349891028230771
"555",2022-12-18,"50-64 years",9553,0.00504051459364314
"556",2022-12-18,"65-74 years",9524,0.00854080016643978
"557",2022-12-25,"0-17 years",5188,0.00268875300010002
"558",2022-12-25,"18-49 years",24512,0.00414866196681307
"559",2022-12-25,"50-64 years",11542,0.00608998423948802
"560",2022-12-25,"65-74 years",12001,0.0107620897519366
"561",2020-04-19,"75+ years",1111,0.000996307117273688
"562",2020-04-26,"75+ years",2348,0.00210560676089885
"563",2020-05-03,"75+ years",2430,0.00217914157963552
"564",2020-05-10,"75+ years",2199,0.00197198861465782
"565",2020-05-17,"75+ years",1935,0.00173524236896902
"566",2020-05-24,"75+ years",2031,0.00182133191285586
"567",2020-05-31,"75+ years",2249,0.00201682691876555
"568",2020-06-07,"75+ years",2058,0.00184554459707403
"569",2020-06-14,"75+ years",2411,0.00216210302407458
"570",2020-06-21,"75+ years",3160,0.00283378081960833
"571",2020-06-28,"75+ years",4160,0.00373054690176286
"572",2020-07-05,"75+ years",5283,0.0047376152120224
"573",2020-07-12,"75+ years",5390,0.00483356918281294
"574",2020-07-19,"75+ years",6024,0.00540211887889891
"575",2020-07-26,"75+ years",5016,0.00449817866808714
"576",2020-08-02,"75+ years",4623,0.00414574959780041
"577",2020-08-09,"75+ years",6339,0.00568460019477759
"578",2020-08-16,"75+ years",4287,0.00384443619419649
"579",2020-08-23,"75+ years",3829,0.00343371732856971
"580",2020-08-30,"75+ years",3456,0.00309922357992607
"581",2020-09-06,"75+ years",2313,0.00207421994802344
"582",2020-09-13,"75+ years",2326,0.00208587790709145
"583",2020-09-20,"75+ years",2397,0.00214954829892442
"584",2020-09-27,"75+ years",2247,0.00201503338660124
"585",2020-10-04,"75+ years",2226,0.00199620129887599
"586",2020-10-11,"75+ years",2077,0.00186258315263497
"587",2020-10-18,"75+ years",3010,0.00269926590728515
"588",2020-10-25,"75+ years",2904,0.00260420870257677
"589",2020-11-01,"75+ years",3682,0.003301892714493
"590",2020-11-08,"75+ years",5152,0.00462013885526016
"591",2020-11-15,"75+ years",7897,0.00708176175077436
"592",2020-11-22,"75+ years",9773,0.00876409492089626
"593",2020-11-29,"75+ years",14303,0.0128264452730563
"594",2020-12-06,"75+ years",19873,0.0178214323506571
"595",2020-12-13,"75+ years",30751,0.0275764537923341
"596",2020-12-20,"75+ years",28853,0.0258743917684048
"597",2020-12-27,"75+ years",29267,0.0262456529264168
"598",2021-01-03,"75+ years",30102,0.0269944526050158
"599",2021-01-10,"75+ years",29356,0.0263254651077285
"600",2021-01-17,"75+ years",19421,0.0174160940815232
"601",2021-01-24,"75+ years",15940,0.0142944513495433
"602",2021-01-31,"75+ years",11509,0.0103208808395165
"603",2021-02-07,"75+ years",7874,0.0070611361308848
"604",2021-02-14,"75+ years",5236,0.00469546720616114
"605",2021-02-21,"75+ years",3842,0.00344537528763772
"606",2021-02-28,"75+ years",2960,0.00265442760317742
"607",2021-03-07,"75+ years",2681,0.00240422986625631
"608",2021-03-14,"75+ years",1906,0.00170923615258654
"609",2021-03-21,"75+ years",1401,0.0012563692810985
"610",2021-03-28,"75+ years",1405,0.00125995634542712
"611",2021-04-04,"75+ years",1426,0.00127878843315237
"612",2021-04-11,"75+ years",1132,0.00101513920499893
"613",2021-04-18,"75+ years",752,0.00067436809378021
"614",2021-04-25,"75+ years",961,0.000861792204950508
"615",2021-05-02,"75+ years",986,0.000884211357004371
"616",2021-05-09,"75+ years",819,0.000734451421284564
"617",2021-05-16,"75+ years",721,0.000646568345233419
"618",2021-05-23,"75+ years",1544,0.0013846068308466
"619",2021-05-30,"75+ years",470,0.000421480058612631
"620",2021-06-06,"75+ years",602,0.00053985318145703
"621",2021-06-13,"75+ years",493,0.000442105678502185
"622",2021-06-20,"75+ years",919,0.000824128029500017
"623",2021-06-27,"75+ years",417,0.000373951456258441
"624",2021-07-04,"75+ years",682,0.000611594468029392
"625",2021-07-11,"75+ years",1333,0.00119538918751199
"626",2021-07-18,"75+ years",2354,0.00211098735739177
"627",2021-07-25,"75+ years",3622,0.00324808674956372
"628",2021-08-01,"75+ years",7002,0.00627915610724605
"629",2021-08-08,"75+ years",6347,0.00569177432343483
"630",2021-08-15,"75+ years",7258,0.00650872822427761
"631",2021-08-22,"75+ years",7245,0.0064970702652096
"632",2021-08-29,"75+ years",7853,0.00704230404315956
"633",2021-09-05,"75+ years",5364,0.00481025326467692
"634",2021-09-12,"75+ years",5365,0.00481115003075908
"635",2021-09-19,"75+ years",3169,0.00284185171434772
"636",2021-09-26,"75+ years",4451,0.00399150583166983
"637",2021-10-03,"75+ years",3849,0.0034516526502128
"638",2021-10-10,"75+ years",3569,0.00320055814720953
"639",2021-10-17,"75+ years",3672,0.00329292505367145
"640",2021-10-24,"75+ years",5923,0.00531154550460131
"641",2021-10-31,"75+ years",4160,0.00373054690176286
"642",2021-11-07,"75+ years",3970,0.0035601613461535
"643",2021-11-14,"75+ years",2610,0.00234055947442333
"644",2021-11-21,"75+ years",2182,0.00195674359126119
"645",2021-11-28,"75+ years",3945,0.00353774219409964
"646",2021-12-05,"75+ years",3756,0.00336825340457243
"647",2021-12-12,"75+ years",3552,0.00318531312381291
"648",2021-12-19,"75+ years",4363,0.00391259041644023
"649",2021-12-26,"75+ years",11667,0.010462569880497
"650",2022-01-02,"75+ years",29150,0.0261407312948047
"651",2022-01-09,"75+ years",46995,0.0421435220308523
"652",2022-01-16,"75+ years",52057,0.0466829519387186
"653",2022-01-23,"75+ years",47579,0.0426672334228306
"654",2022-01-30,"75+ years",28809,0.02583493406079
"655",2022-02-06,"75+ years",19873,0.0178214323506571
"656",2022-02-13,"75+ years",11474,0.0102894940266411
"657",2022-02-20,"75+ years",7371,0.00661006279156107
"658",2022-02-27,"75+ years",4851,0.00435021226453165
"659",2022-03-06,"75+ years",3684,0.0033036862466573
"660",2022-03-13,"75+ years",3093,0.00277369749210397
"661",2022-03-20,"75+ years",3284,0.00294497981379549
"662",2022-03-27,"75+ years",2189,0.00196302095383628
"663",2022-04-03,"75+ years",2255,0.00202220751525848
"664",2022-04-10,"75+ years",2504,0.00224550226971495
"665",2022-04-17,"75+ years",3317,0.00297457309450659
"666",2022-04-24,"75+ years",4055,0.00363638646313664
"667",2022-05-01,"75+ years",5171,0.0046371774108211
"668",2022-05-08,"75+ years",5746,0.00515281790805995
"669",2022-05-15,"75+ years",10389,0.00931650282750346
"670",2022-05-22,"75+ years",11011,0.00987429133060358
"671",2022-05-29,"75+ years",10760,0.00964920304398279
"672",2022-06-05,"75+ years",13062,0.0117135585651025
"673",2022-06-12,"75+ years",10795,0.0096805898568582
"674",2022-06-19,"75+ years",14206,0.0127394589630873
"675",2022-06-26,"75+ years",15285,0.0137070695657321
"676",2022-07-03,"75+ years",14452,0.0129600634192973
"677",2022-07-10,"75+ years",18492,0.0165829983912016
"678",2022-07-17,"75+ years",17138,0.0153687771159644
"679",2022-07-24,"75+ years",16393,0.0147006863847593
"680",2022-07-31,"75+ years",14368,0.0128847350683963
"681",2022-08-07,"75+ years",11539,0.0103477838219812
"682",2022-08-14,"75+ years",10534,0.00944653390941586
"683",2022-08-21,"75+ years",9152,0.0082072031838783
"684",2022-08-28,"75+ years",8021,0.00719296074496152
"685",2022-09-04,"75+ years",6397,0.00573661262754256
"686",2022-09-18,"75+ years",9896,0.00887439714900127
"687",2022-09-25,"75+ years",5417,0.00485778186703111
"688",2022-10-02,"75+ years",5179,0.00464435153947833
"689",2022-10-09,"75+ years",4874,0.0043708378844212
"690",2022-10-16,"75+ years",4056,0.00363728322921879
"691",2022-10-23,"75+ years",4672,0.00418969113582598
"692",2022-10-30,"75+ years",4262,0.00382201704214263
"693",2022-11-06,"75+ years",4735,0.00424618739900172
"694",2022-11-13,"75+ years",6324,0.00567114870354527
"695",2022-11-20,"75+ years",7703,0.00690778913083638
"696",2022-11-27,"75+ years",9348,0.00838296933598059
"697",2022-12-04,"75+ years",15268,0.0136918245423354
"698",2022-12-11,"75+ years",12880,0.0115503471381504
"699",2022-12-18,"75+ years",9524,0.00854080016643978
"700",2022-12-25,"75+ years",12001,0.0107620897519366
