"","variant_group","week","weeks_since","share","total_shares_by_week","rescaled_share"
"1","BA.1.1",2022-01-08,1,0.935124784708023,0.938351806509672,0.99656096809399
"2","BA.1.1",2022-01-22,3,0.981819897890091,0.989631502256089,0.992106552440793
"3","BA.1.1",2022-02-05,5,0.982219278812408,0.997074055005213,0.98510163200192
"4","BA.1.1",2022-02-19,7,0.964858546853065,0.999187271470871,0.965643352754813
"5","BA.1.1",2022-03-05,9,0.873686835169792,0.99886242172215,0.874681854247213
"6","BA.1.1",2022-03-19,11,0.650836892426013,0.99934187970939,0.65126550346842
"7","BA.1.1",2022-04-02,13,0.300144497305155,0.996100577118341,0.301319469338583
"8","BA.1.1",2022-04-16,15,0.089315004646778,0.995049234865292,0.0897593822670185
"9","BA.1.1",2022-04-30,17,0.022849420784041,0.991995805306943,0.0230337877053532
"10","BA.1.1",2022-05-14,19,0.00492292016861,0.993582276227243,0.00495471818126924
"11","BA.1.1",2022-05-28,21,0.001792380324332,0.993705328408396,0.00180373423900507
"12","BA.1.1",2022-06-11,23,0.000150600622874,0.995614262472372,0.000151264027194648
"13","BA.1.1",2022-06-25,25,0.000624197695288,0.993859748516115,0.000628054105440893
"14","BA.1.1",2022-07-09,27,0.000453756343632,0.99108401794365,0.000457838422794342
"15","BA.1.1",2022-07-23,29,0.000634870491922,0.985353509895504,0.000644307332897538
"16","BA.1.1",2022-08-06,31,7.6358628576e-05,0.974997435652767,7.83167481100885e-05
"17","BA.1.1",2022-08-20,33,0.000309763614495,0.9640529182725,0.000321313911947977
"18","BA.1.1",2022-09-03,35,0.000121705837955,0.94134549037699,0.00012928923461062
"19","BA.1.1",2022-09-17,37,0.00019945341046,0.919583760522075,0.000216895316144735
"20","BA.1.1",2022-10-01,39,0.000599926512223,0.895386042131578,0.000670019951165198
"21","BA.1.1",2022-10-15,41,0.000501638176502,0.856501218848279,0.000585682968643691
"22","BA.1.1",2022-11-12,45,0.000728733240976,0.794265067845116,0.000917493756779576
"23","BA.1.1",2022-12-10,49,0.000226866541198,0.806175656267441,0.000281410805987844
"24","BA.1.1",2022-12-24,51,0.000101890902442,0.823216127253545,0.000123771752118042
"25","BA.1.1",2023-01-07,53,0.00056336337002,0.842143650414072,0.000668963507286436
"26","BA.1.1",2023-02-04,57,0.000247959775152,0.860423441248713,0.000288183426049088
"27","BA.1.1",2023-02-18,59,0.000903812644538,0.878088986093644,0.0010292950473719
"28","BA.1.1",2023-04-29,69,0.000689162930939,0.862981262675021,0.000798583886749489
"29","BA.1.1",2023-05-13,71,0.000663518963847,0.829652060259833,0.000799755699563016
"30","BA.1.1",2023-09-02,87,0.000283519650111,0.562223020766396,0.000504283246396633
"31","BA.1.1",2023-09-16,89,0.000821193971206,0.532886361295823,0.0015410301911445
"32","BA.1.1",2024-03-30,117,0.001214176183566,0.735361811704933,0.00165112760037258
"33","BA.1.1",2024-06-08,127,0.001312130480073,0.676575811463407,0.00193936948061284
"34","BA.2",2022-01-08,1,0.003177592734573,0.938351806509672,0.00338635542930587
"35","BA.2",2022-01-22,3,0.007712069898844,0.989631502256089,0.00779287025651729
"36","BA.2",2022-02-05,5,0.014701439067721,0.997074055005213,0.0147445809004068
"37","BA.2",2022-02-19,7,0.034216102212667,0.999187271470871,0.034243933234156
"38","BA.2",2022-03-05,9,0.123722292832098,0.99886242172215,0.123863196914333
"39","BA.2",2022-03-19,11,0.348342412617058,0.99934187970939,0.348571814801113
"40","BA.2",2022-04-02,13,0.695293643511832,0.996100577118341,0.698015501128686
"41","BA.2",2022-04-16,15,0.905143611133099,0.995049234865292,0.909647060083048
"42","BA.2",2022-04-30,17,0.964923426508904,0.991995805306943,0.972709180166682
"43","BA.2",2022-05-14,19,0.97307139635086,0.993582276227243,0.979356636720348
"44","BA.2",2022-05-28,21,0.923685997724533,0.993705328408396,0.929537128681787
"45","BA.2",2022-06-11,23,0.780307874083519,0.995614262472372,0.783745174708335
"46","BA.2",2022-06-25,25,0.510387264192104,0.993859748516115,0.513540532207023
"47","BA.2",2022-07-09,27,0.231671243906021,0.99108401794365,0.233755402883707
"48","BA.2",2022-07-23,29,0.093721110373736,0.985353509895504,0.0951141995563349
"49","BA.2",2022-08-06,31,0.036742373835295,0.974997435652767,0.0376845850991349
"50","BA.2",2022-08-20,33,0.01291546667926,0.9640529182725,0.0133970515875865
"51","BA.2",2022-09-03,35,0.004947595531121,0.94134549037699,0.00525587638300534
"52","BA.2",2022-09-17,37,0.005569594562985,0.919583760522075,0.00605664736817772
"53","BA.2",2022-10-01,39,0.009200401487761,0.895386042131578,0.0102753461131227
"54","BA.2",2022-10-15,41,0.016606115357717,0.856501218848279,0.0193883149168742
"55","BA.2",2022-10-29,43,0.018608026017319,0.833214319121909,0.0223328207284403
"56","BA.2",2022-11-12,45,0.020924409851431,0.794265067845116,0.0263443662557137
"57","BA.2",2022-11-26,47,0.015983870252967,0.786939613055438,0.0203114317640037
"58","BA.2",2022-12-10,49,0.015395189460832,0.806175656267441,0.0190965695145287
"59","BA.2",2022-12-24,51,0.014532069675624,0.823216127253545,0.0176528000296916
"60","BA.2",2023-01-07,53,0.014121905900538,0.842143650414072,0.0167689988443117
"61","BA.2",2023-01-21,55,0.004829035140574,0.848853198272991,0.00568889314477317
"62","BA.2",2023-02-04,57,0.007615497102961,0.860423441248713,0.00885087125463342
"63","BA.2",2023-02-18,59,0.00264194351621,0.878088986093644,0.00300874234622076
"64","BA.2",2023-03-04,61,0.004018538631499,0.857144166642683,0.00468828790755127
"65","BA.2",2023-03-18,63,0.001882174867205,0.865455509978347,0.00217477946064736
"66","BA.2",2023-04-01,65,0.000769044680055,0.871842639928218,0.000882091153649377
"67","BA.2",2023-04-15,67,0.00050631898921,0.868225266807714,0.000583165462428467
"68","BA.2",2023-04-29,69,0.001767026958987,0.862981262675021,0.0020475843861426
"69","BA.2",2023-05-13,71,0.000527831201907,0.829652060259833,0.000636207908338939
"70","BA.2",2023-05-27,73,0.001105984207243,0.781296751752961,0.00141557507408235
"71","BA.2",2023-06-10,75,0.001568328239956,0.726520156429615,0.00215868510470974
"72","BA.2",2023-07-08,79,0.000769893988036,0.655021692160518,0.00117537174302822
"73","BA.2",2023-07-22,81,0.001320029376075,0.640166806580966,0.00206200846795709
"74","BA.2",2023-08-05,83,0.000378311146051,0.604351841291647,0.000625978312968249
"75","BA.2",2023-09-16,89,0.001803523744456,0.532886361295823,0.00338444343005957
"76","BA.2",2023-09-30,91,0.001041434821673,0.532251576252749,0.00195665897131783
"77","BA.2",2023-10-14,93,0.002738921903074,0.539416352461558,0.0050775655772675
"78","BA.2",2023-11-11,97,0.000766248442233,0.585695240646601,0.00130827158743354
"79","BA.2",2023-11-25,99,0.000719437259249,0.596412727376446,0.00120627415584125
"80","BA.2",2023-12-09,101,0.00051457824884,0.688117945333943,0.000747805303333974
"81","BA.2",2023-12-23,103,0.001865729806013,0.729452172527089,0.00255771368745045
"82","BA.2",2024-01-06,105,0.001151385949925,0.830800447845831,0.00138587545650753
"83","BA.2",2024-01-20,107,0.000813739257865,0.893389678210953,0.000910844704960711
"84","BA.2",2024-02-03,109,0.001253532595001,0.90765170683153,0.00138107226105142
"85","BA.2",2024-03-16,115,0.001139853848144,0.790251564932986,0.00144239366136613
"86","BA.2",2024-04-27,121,0.001323711709119,0.646944904001429,0.00204609650826784
"87","BA.2",2024-05-11,123,0.002995186252519,0.661119212163612,0.00453047831224992
"88","BA.2",2024-06-08,127,0.001037206035107,0.676575811463407,0.00153302263771973
"89","BA.2",2024-07-06,131,0.000568549439777,0.770649726793636,0.000737753378752894
"90","BA.2",2024-08-31,139,0.00069792359136,0.80778321577236,0.000863998629499478
"91","BA.2",2024-10-12,145,1.0183634913e-05,0.767659741271275,1.32658186505072e-05
"92","BA.2",2024-10-26,147,5.397771019e-06,0.689540423596369,7.82807045720013e-06
"93","BA.4/5",2022-01-08,1,4.9429067076e-05,0.938351806509672,5.26764767042525e-05
"94","BA.4/5",2022-01-22,3,2.3290871468e-05,0.989631502256089,2.3534892952481e-05
"95","BA.4/5",2022-02-05,5,4.6492568799e-05,0.997074055005213,4.66290026960504e-05
"96","BA.4/5",2022-03-05,9,0.00145329372026,0.99886242172215,0.00145494883845401
"97","BA.4/5",2022-04-02,13,0.000156075519044,0.996100577118341,0.000156686505990707
"98","BA.4/5",2022-04-16,15,0.000351715461875,0.995049234865292,0.000353465385984257
"99","BA.4/5",2022-04-30,17,0.004222958013998,0.991995805306943,0.00425703212796483
"100","BA.4/5",2022-05-14,19,0.015270320698619,0.993582276227243,0.0153689544026513
"101","BA.4/5",2022-05-28,21,0.068136591464281,0.993705328408396,0.0685682058014265
"102","BA.4/5",2022-06-11,23,0.215155787765979,0.995614262472372,0.216103561264471
"103","BA.4/5",2022-06-25,25,0.482848286628723,0.993859748516115,0.485831413687536
"104","BA.4/5",2022-07-09,27,0.758959017693997,0.99108401794365,0.765786758693499
"105","BA.4/5",2022-07-23,29,0.890997529029846,0.985353509895504,0.904241493110768
"106","BA.4/5",2022-08-06,31,0.938178703188896,0.974997435652767,0.962237098152755
"107","BA.4/5",2022-08-20,33,0.950827687978745,0.9640529182725,0.986281634500465
"108","BA.4/5",2022-09-03,35,0.935618020594121,0.94134549037699,0.993915656003647
"109","BA.4/5",2022-09-17,37,0.909886274486781,0.919583760522075,0.989454483156827
"110","BA.4/5",2022-10-01,39,0.864825529977679,0.895386042131578,0.965868898200439
"111","BA.4/5",2022-10-15,41,0.765765544492751,0.856501218848279,0.894062410702067
"112","BA.4/5",2022-10-29,43,0.627415656112135,0.833214319121909,0.753006329479963
"113","BA.4/5",2022-11-12,45,0.45200572127942,0.794265067845116,0.569086743932647
"114","BA.4/5",2022-11-26,47,0.301951938890852,0.786939613055438,0.383704078281773
"115","BA.4/5",2022-12-10,49,0.195563046640018,0.806175656267441,0.242581185774657
"116","BA.4/5",2022-12-24,51,0.126887672115118,0.823216127253545,0.154136523707871
"117","BA.4/5",2023-01-07,53,0.085881449282169,0.842143650414072,0.101979572297365
"118","BA.4/5",2023-01-21,55,0.057450588006759,0.848853198272991,0.0676802397913366
"119","BA.4/5",2023-02-04,57,0.04005691036582,0.860423441248713,0.0465548803594731
"120","BA.4/5",2023-02-18,59,0.031695045530796,0.878088986093644,0.0360954823859001
"121","BA.4/5",2023-03-04,61,0.015175813809037,0.857144166642683,0.017705089061597
"122","BA.4/5",2023-03-18,63,0.00790495146066,0.865455509978347,0.00913386230663408
"123","BA.4/5",2023-04-01,65,0.004097167868167,0.871842639928218,0.00469943505918033
"124","BA.4/5",2023-04-15,67,0.002624836750329,0.868225266807714,0.00302322087443963
"125","BA.4/5",2023-04-29,69,0.001984087983146,0.862981262675021,0.00229910899455202
"126","BA.4/5",2023-05-13,71,0.000263915600954,0.829652060259833,0.000318103954170072
"127","BA.4/5",2023-05-27,73,0.002293615369126,0.781296751752961,0.00293565199647882
"128","BA.4/5",2023-06-10,75,0.000497233588248,0.726520156429615,0.000684404395180978
"129","BA.4/5",2023-06-24,77,0.001695001963526,0.687621019780635,0.00246502348643551
"130","BA.4/5",2023-07-08,79,0.002645931905136,0.655021692160518,0.00403945691692848
"131","BA.4/5",2023-07-22,81,0.001045901444741,0.640166806580966,0.00163379518273839
"132","BA.4/5",2023-10-14,93,0.000647139910143,0.539416352461558,0.0011997039155188
"133","BQ",2022-01-22,3,7.6243595686e-05,0.989631502256089,7.70424097375493e-05
"134","BQ",2022-02-05,5,3.5614852095e-05,0.997074055005213,3.57193649922159e-05
"135","BQ",2022-02-19,7,3.008989006e-05,0.999187271470871,3.01143648634611e-05
"136","BQ",2022-09-03,35,0.000658168413793,0.94134549037699,0.000699178378736819
"137","BQ",2022-09-17,37,0.003928438061849,0.919583760522075,0.00427197415885064
"138","BQ",2022-10-01,39,0.020760184153915,0.895386042131578,0.0231857357352732
"139","BQ",2022-10-15,41,0.073627920821309,0.856501218848279,0.0859635914124151
"140","BQ",2022-10-29,43,0.187190636992455,0.833214319121909,0.224660849791597
"141","BQ",2022-11-12,45,0.320322558283806,0.794265067845116,0.403294279519126
"142","BQ",2022-11-26,47,0.468670964241028,0.786939613055438,0.595561535428782
"143","BQ",2022-12-10,49,0.589296370744705,0.806175656267441,0.730977630201738
"144","BQ",2022-12-24,51,0.65742626786232,0.823216127253545,0.798607128914807
"145","BQ",2023-01-07,53,0.667559087276458,0.842143650414072,0.792690281459971
"146","BQ",2023-01-21,55,0.573317512869835,0.848853198272991,0.675402430050639
"147","BQ",2023-02-04,57,0.416952833533287,0.860423441248713,0.484590276769044
"148","BQ",2023-02-18,59,0.276829726994037,0.878088986093644,0.315263864344285
"149","BQ",2023-03-04,61,0.20208603143692,0.857144166642683,0.235766676483915
"150","BQ",2023-03-18,63,0.133121155202389,0.865455509978347,0.153816289419337
"151","BQ",2023-04-01,65,0.078820599243045,0.871842639928218,0.0904069101845427
"152","BQ",2023-04-15,67,0.03673557844013,0.868225266807714,0.042311114228683
"153","BQ",2023-04-29,69,0.01982016582042,0.862981262675021,0.0229670870940842
"154","BQ",2023-05-13,71,0.009134860476479,0.829652060259833,0.0110104716350829
"155","BQ",2023-05-27,73,0.001919184869621,0.781296751752961,0.00245640963605059
"156","BQ",2023-06-10,75,0.005671201099176,0.726520156429615,0.00780597902065973
"157","BQ",2023-06-24,77,0.005773739423602,0.687621019780635,0.00839668837558797
"158","BQ",2023-07-08,79,0.000769893988036,0.655021692160518,0.00117537174302822
"159","BQ",2023-07-22,81,0.00052295072237,0.640166806580966,0.000816897591368413
"160","BQ",2023-08-05,83,0.000418555835495,0.604351841291647,0.00069256980271698
"161","BQ",2023-08-19,85,0.000304238375975,0.573112237703754,0.000530853044063357
"162","BQ",2023-11-25,99,0.000719437259249,0.596412727376446,0.00120627415584125
"163","BQ",2023-12-09,101,0.00051457824884,0.688117945333943,0.000747805303333974
"164","BQ",2024-08-03,135,0.000763022748288,0.798161047569011,0.00095597592818137
"165","EG/HV",2022-02-05,5,3.5614852095e-05,0.997074055005213,3.57193649922159e-05
"166","EG/HV",2023-03-04,61,0.000185693017556,0.857144166642683,0.000216641522841291
"167","EG/HV",2023-04-15,67,0.001547174295411,0.868225266807714,0.00178199639489834
"168","EG/HV",2023-04-29,69,0.003061689436436,0.862981262675021,0.00354780522921847
"169","EG/HV",2023-05-13,71,0.004269865341485,0.829652060259833,0.00514657354089828
"170","EG/HV",2023-05-27,73,0.011553218588233,0.781296751752961,0.0147872348916229
"171","EG/HV",2023-06-10,75,0.034028075635433,0.726520156429615,0.0468370702922537
"172","EG/HV",2023-06-24,77,0.034974899142981,0.687621019780635,0.0508636271097976
"173","EG/HV",2023-07-08,79,0.062277693301439,0.655021692160518,0.0950772990372621
"174","EG/HV",2023-07-22,81,0.112891213619151,0.640166806580966,0.176346559144617
"175","EG/HV",2023-08-05,83,0.194126213900745,0.604351841291647,0.321213903288273
"176","EG/HV",2023-08-19,85,0.228957587853074,0.573112237703754,0.399498689419757
"177","EG/HV",2023-09-02,87,0.285722622647882,0.562223020766396,0.508201571430495
"178","EG/HV",2023-09-16,89,0.329817179590463,0.532886361295823,0.61892591656586
"179","EG/HV",2023-09-30,91,0.368505232036114,0.532251576252749,0.692351603034282
"180","EG/HV",2023-10-14,93,0.416511327028274,0.539416352461558,0.77215183619773
"181","EG/HV",2023-10-28,95,0.461867064237595,0.572202986106277,0.80717346020947
"182","EG/HV",2023-11-11,97,0.477003961801529,0.585695240646601,0.814423489722952
"183","EG/HV",2023-11-25,99,0.470383226871491,0.596412727376446,0.788687439553235
"184","EG/HV",2023-12-09,101,0.423285283148289,0.688117945333943,0.615134783242528
"185","EG/HV",2023-12-23,103,0.292525634169578,0.729452172527089,0.401020992447198
"186","EG/HV",2024-01-06,105,0.175917588174343,0.830800447845831,0.211744695889942
"187","EG/HV",2024-01-20,107,0.080519770272077,0.893389678210953,0.0901283865662304
"188","EG/HV",2024-02-03,109,0.031504550948739,0.90765170683153,0.0347099561556673
"189","EG/HV",2024-02-17,111,0.015931313857436,0.894119389937259,0.0178178820823402
"190","EG/HV",2024-03-02,113,0.0120685454458,0.834767392836513,0.0144573752513158
"191","EG/HV",2024-03-16,115,0.00259627122432,0.790251564932986,0.00328537308817625
"192","EG/HV",2024-04-27,121,0.001323711709119,0.646944904001429,0.00204609650826784
"193","EG/HV",2024-08-03,135,0.001526045496576,0.798161047569011,0.00191195185636274
"194","EG/HV",2024-08-17,137,0.00086144474335,0.808578271884471,0.00106538200852506
"195","JN.1",2022-02-19,7,5.2442625019e-05,0.999187271470871,5.24852813044755e-05
"196","JN.1",2022-04-02,13,0.00050636078231,0.996100577118341,0.000508343026740202
"197","JN.1",2022-04-16,15,0.00011945181177,0.995049234865292,0.000120046131974737
"198","JN.1",2022-05-14,19,7.8420234786e-05,0.993582276227243,7.89267649618022e-05
"199","JN.1",2022-12-10,49,8.8197935838e-05,0.806175656267441,0.000109402876596836
"200","JN.1",2023-09-02,87,0.000283519650111,0.562223020766396,0.000504283246396633
"201","JN.1",2023-09-16,89,0.000780005357228,0.532886361295823,0.00146373676243328
"202","JN.1",2023-09-30,91,0.000853525649291,0.532251576252749,0.0016036131922805
"203","JN.1",2023-10-28,95,0.002415465191007,0.572202986106277,0.00422134321151265
"204","JN.1",2023-11-11,97,0.031482104212046,0.585695240646601,0.0537516818085974
"205","JN.1",2023-11-25,99,0.069805502891541,0.596412727376446,0.117042275738494
"206","JN.1",2023-12-09,101,0.216189294937066,0.688117945333943,0.314174766699551
"207","JN.1",2023-12-23,103,0.411869017989375,0.729452172527089,0.564627858413952
"208","JN.1",2024-01-06,105,0.636542552150786,0.830800447845831,0.766179837530501
"209","JN.1",2024-01-20,107,0.806612658314407,0.893389678210953,0.902867671282793
"210","JN.1",2024-02-03,109,0.870785102248192,0.90765170683153,0.95938243237372
"211","JN.1",2024-02-17,111,0.877238735556602,0.894119389937259,0.981120357560033
"212","JN.1",2024-03-02,113,0.816490881145001,0.834767392836513,0.978105862964521
"213","JN.1",2024-03-16,115,0.758382625877857,0.790251564932986,0.95967241259708
"214","JN.1",2024-03-30,117,0.675203368067741,0.735361811704933,0.918192048214042
"215","JN.1",2024-04-13,119,0.603775426745415,0.737826472148299,0.818316297309619
"216","JN.1",2024-04-27,121,0.449760347604751,0.646944904001429,0.695206569868518
"217","JN.1",2024-05-11,123,0.341945752501487,0.661119212163612,0.51722253144394
"218","JN.1",2024-05-25,125,0.198872711509466,0.66182167083025,0.300492897520237
"219","JN.1",2024-06-08,127,0.125115290284157,0.676575811463407,0.184924273325021
"220","JN.1",2024-06-22,129,0.093423835933208,0.724157063290476,0.129010460118558
"221","JN.1",2024-07-06,131,0.04979970306158,0.770649726793636,0.0646204122705351
"222","JN.1",2024-07-20,133,0.045964336488396,0.768890990410001,0.0597800430251967
"223","JN.1",2024-08-03,135,0.034796385793016,0.798161047569011,0.0435956952534788
"224","JN.1",2024-08-17,137,0.032576523022726,0.808578271884471,0.0402886450891182
"225","JN.1",2024-08-31,139,0.019621500512585,0.80778321577236,0.024290552377749
"226","JN.1",2024-09-14,141,0.00960956234485,0.821236741729082,0.0117013302700235
"227","JN.1",2024-09-28,143,0.025849747471512,0.814306675456465,0.0317444867525147
"228","JN.1",2024-10-12,145,0.005418049753644,0.767659741271275,0.00705787924305044
"229","JN.1",2024-10-26,147,0.002754273504252,0.689540423596369,0.00399436118608798
"230","KP/LB",2024-02-17,111,0.000949340523221,0.894119389937259,0.00106176035762698
"231","KP/LB",2024-03-02,113,0.005093612708152,0.834767392836513,0.00610183477680419
"232","KP/LB",2024-03-16,115,0.028132813982665,0.790251564932986,0.0355998206533772
"233","KP/LB",2024-03-30,117,0.058944267453626,0.735361811704933,0.0801568241855856
"234","KP/LB",2024-04-13,119,0.134051045402884,0.737826472148299,0.181683702690381
"235","KP/LB",2024-04-27,121,0.19453713297844,0.646944904001429,0.300701237114947
"236","KP/LB",2024-05-11,123,0.316178273409606,0.661119212163612,0.47824699024381
"237","KP/LB",2024-05-25,125,0.462948959320784,0.66182167083025,0.699507102479763
"238","KP/LB",2024-06-08,127,0.54911118466407,0.676575811463407,0.811603334556646
"239","KP/LB",2024-06-22,129,0.630733227357268,0.724157063290476,0.870989539881442
"240","KP/LB",2024-07-06,131,0.720281474292279,0.770649726793636,0.934641834350712
"241","KP/LB",2024-07-20,133,0.722926653921605,0.768890990410001,0.940219956974803
"242","KP/LB",2024-08-03,135,0.761075593531131,0.798161047569011,0.953536376961977
"243","KP/LB",2024-08-17,137,0.775140304118395,0.808578271884471,0.958645972902357
"244","KP/LB",2024-08-31,139,0.787463791668415,0.80778321577236,0.974845448992751
"245","KP/LB",2024-09-14,141,0.811627179384232,0.821236741729082,0.988298669729976
"246","KP/LB",2024-09-28,143,0.788456927984953,0.814306675456465,0.968255513247485
"247","KP/LB",2024-10-12,145,0.762226928025485,0.767659741271275,0.99292288893932
"248","KP/LB",2024-10-26,147,0.686774790287017,0.689540423596369,0.995989164355401
"249","XBB",2022-02-05,5,3.5614852095e-05,0.997074055005213,3.57193649922159e-05
"250","XBB",2022-02-19,7,3.008989006e-05,0.999187271470871,3.01143648634611e-05
"251","XBB",2022-03-19,11,0.000162574666319,0.99934187970939,0.000162681730466732
"252","XBB",2022-04-16,15,0.00011945181177,0.995049234865292,0.000120046131974737
"253","XBB",2022-05-14,19,0.000239218774368,0.993582276227243,0.000240763930770126
"254","XBB",2022-05-28,21,9.035889525e-05,0.993705328408396,9.09312777810365e-05
"255","XBB",2022-11-12,45,0.000283645189483,0.794265067845116,0.000357116535733524
"256","XBB",2022-11-26,47,0.000332839670591,0.786939613055438,0.000422954525441525
"257","XBB",2022-12-10,49,0.00560598494485,0.806175656267441,0.00695380082649168
"258","XBB",2022-12-24,51,0.024268226698041,0.823216127253545,0.029479775595512
"259","XBB",2023-01-07,53,0.074017844584887,0.842143650414072,0.0878921838910657
"260","XBB",2023-01-21,55,0.213256062255823,0.848853198272991,0.251228437013251
"261","XBB",2023-02-04,57,0.395550240471493,0.860423441248713,0.4597157881908
"262","XBB",2023-02-18,59,0.566018457408063,0.878088986093644,0.644602615876223
"263","XBB",2023-03-04,61,0.635678089747671,0.857144166642683,0.741623305024096
"264","XBB",2023-03-18,63,0.722547228448093,0.865455509978347,0.834875068813382
"265","XBB",2023-04-01,65,0.788155828136951,0.871842639928218,0.904011563602628
"266","XBB",2023-04-15,67,0.826811358332634,0.868225266807714,0.95230050303955
"267","XBB",2023-04-29,69,0.835659129545093,0.862981262675021,0.968339830409253
"268","XBB",2023-05-13,71,0.814792068675161,0.829652060259833,0.982088887261947
"269","XBB",2023-05-27,73,0.764424748718738,0.781296751752961,0.978405128401765
"270","XBB",2023-06-10,75,0.684755317866802,0.726520156429615,0.942513861187196
"271","XBB",2023-06-24,77,0.645177379250526,0.687621019780635,0.938274661028179
"272","XBB",2023-07-08,79,0.588558278977871,0.655021692160518,0.898532500559753
"273","XBB",2023-07-22,81,0.524386711418629,0.640166806580966,0.819140739613319
"274","XBB",2023-08-05,83,0.409428760409356,0.604351841291647,0.677467548596041
"275","XBB",2023-08-19,85,0.343850411474705,0.573112237703754,0.59997045753618
"276","XBB",2023-09-02,87,0.275933358818292,0.562223020766396,0.490789862076712
"277","XBB",2023-09-16,89,0.19966445863247,0.532886361295823,0.374684873050503
"278","XBB",2023-09-30,91,0.161851383745671,0.532251576252749,0.30408812480212
"279","XBB",2023-10-14,93,0.119518963620067,0.539416352461558,0.221570894309484
"280","XBB",2023-10-28,95,0.107920456677675,0.572202986106277,0.188605196579017
"281","XBB",2023-11-11,97,0.076442926190793,0.585695240646601,0.130516556881017
"282","XBB",2023-11-25,99,0.054785123094916,0.596412727376446,0.0918577363965885
"283","XBB",2023-12-09,101,0.047614210750908,0.688117945333943,0.0691948394512526
"284","XBB",2023-12-23,103,0.023191790562123,0.729452172527089,0.0317934354513993
"285","XBB",2024-01-06,105,0.017188921570777,0.830800447845831,0.0206895911230499
"286","XBB",2024-01-20,107,0.005443510366604,0.893389678210953,0.00609309744601576
"287","XBB",2024-02-03,109,0.004108521039598,0.90765170683153,0.00452653920956112
"288","XBB",2024-03-02,113,0.00111435353756,0.834767392836513,0.00133492700735885
"289","XBB",2024-10-12,145,4.579857233e-06,0.767659741271275,5.96599897946397e-06
"290","XBB",2024-10-26,147,5.962034081e-06,0.689540423596369,8.64638805351599e-06
"291","BA.1.1",2022-01-15,2,0.958472341299057,0.963953532585037,0.994313842835057
"292","BA.1.1",2022-01-29,4,0.98201958835125,0.993317163778556,0.988626416778775
"293","BA.1.1",2022-02-12,6,0.973538912832737,0.998063388215086,0.975427938072943
"294","BA.1.1",2022-02-26,8,0.919272691011428,0.99899178167834,0.920200453968719
"295","BA.1.1",2022-03-12,10,0.762261863797903,0.99839054880067,0.763490664763984
"296","BA.1.1",2022-03-26,12,0.475490694865584,0.998392809253346,0.476256129309648
"297","BA.1.1",2022-04-09,14,0.194729750975967,0.995656193324976,0.195579309686881
"298","BA.1.1",2022-04-23,16,0.0560822127154095,0.993403068274347,0.0564546401218899
"299","BA.1.1",2022-05-07,18,0.0138861704763255,0.992908492578863,0.0139853476731367
"300","BA.1.1",2022-05-21,20,0.003357650246471,0.993604592200426,0.00337926200505493
"301","BA.1.1",2022-06-04,22,0.000971490473603,0.994614615992759,0.000976750650937622
"302","BA.1.1",2022-06-18,24,0.000387399159081,0.994737005494243,0.000389448826113107
"303","BA.1.1",2022-07-02,26,0.00053897701946,0.992471883229882,0.000543065278288754
"304","BA.1.1",2022-07-16,28,0.000544313417777,0.988218763919577,0.000550802552683868
"305","BA.1.1",2022-07-30,30,0.000355614560249,0.980175472774135,0.000362807038256654
"306","BA.1.1",2022-08-13,32,0.0001930611215355,0.969525176962634,0.00019912955962663
"307","BA.1.1",2022-08-27,34,0.000215734726225,0.952714249269775,0.000226442216425706
"308","BA.1.1",2022-09-10,36,0.0001605796242075,0.930464625449532,0.00017258004207298
"309","BA.1.1",2022-09-24,38,0.0003996899613415,0.907484901326827,0.000440437037307306
"310","BA.1.1",2022-10-08,40,0.0005507823443625,0.875943630489929,0.000628787430139128
"311","BA.1.1",2022-11-05,44,0.000615185708739,0.814035692019389,0.000755723262223185
"312","BA.1.1",2022-12-03,48,0.000477799891087,0.79696121139932,0.000599527159230334
"313","BA.1.1",2022-12-17,50,0.00016437872182,0.814651792792574,0.000201777892437357
"314","BA.1.1",2022-12-31,52,0.000332627136231,0.832679888833809,0.000399465797951303
"315","BA.1.1",2023-01-28,56,0.000405661572586,0.854920001445862,0.000474502376713535
"316","BA.1.1",2023-02-11,58,0.000575886209845,0.869256213671179,0.000662504565153268
"317","BA.1.1",2023-04-22,68,0.0007964877877385,0.866055171063636,0.00091967326603489
"318","BA.1.1",2023-05-06,70,0.000676340947393,0.846316661467427,0.000799158256225623
"319","BA.1.1",2023-08-26,86,0.000473519306979,0.56789136849693,0.000833820222047555
"320","BA.1.1",2023-09-09,88,0.0005523568106585,0.547743846604135,0.00100842175422502
"321","BA.1.1",2024-03-23,116,0.001017685077386,0.76134922276833,0.00133668630235887
"322","BA.1.1",2024-06-01,126,0.0012631533318195,0.671303422364871,0.00188164291993277
"323","BA.2",2022-01-15,2,0.0054448313167085,0.963953532585037,0.00564843753630642
"324","BA.2",2022-01-29,4,0.0112067544832825,0.993317163778556,0.0112821512523274
"325","BA.2",2022-02-12,6,0.024458770640194,0.998063388215086,0.0245062296934221
"326","BA.2",2022-02-26,8,0.0789691975223825,0.99899178167834,0.0790488960677049
"327","BA.2",2022-03-12,10,0.236032352724578,0.99839054880067,0.236412847665791
"328","BA.2",2022-03-26,12,0.521818028064445,0.998392809253346,0.522658039228758
"329","BA.2",2022-04-09,14,0.800218627322466,0.995656193324976,0.803709787261153
"330","BA.2",2022-04-23,16,0.935033518821001,0.993403068274347,0.941242833531066
"331","BA.2",2022-05-07,18,0.968997411429882,0.992908492578863,0.975918142177556
"332","BA.2",2022-05-21,20,0.948378697037696,0.993604592200426,0.954483005093029
"333","BA.2",2022-06-04,22,0.851996935904026,0.994614615992759,0.856610110292436
"334","BA.2",2022-06-18,24,0.645347569137811,0.994737005494243,0.648761999979246
"335","BA.2",2022-07-02,26,0.371029254049063,0.992471883229882,0.373843592265397
"336","BA.2",2022-07-16,28,0.162696177139878,0.988218763919577,0.164635790252126
"337","BA.2",2022-07-30,30,0.0652317421045155,0.980175472774135,0.0665510859192322
"338","BA.2",2022-08-13,32,0.0248289202572775,0.969525176962634,0.0256093610019108
"339","BA.2",2022-08-27,34,0.0089315311051905,0.952714249269775,0.00937482682980362
"340","BA.2",2022-09-10,36,0.005258595047053,0.930464625449532,0.00565157976265076
"341","BA.2",2022-09-24,38,0.007384998025373,0.907484901326827,0.00813787426609022
"342","BA.2",2022-10-08,40,0.012903258422739,0.875943630489929,0.0147306949598138
"343","BA.2",2022-10-22,42,0.017607070687518,0.844606949896843,0.0208464667377748
"344","BA.2",2022-11-05,44,0.019766217934375,0.814035692019389,0.0242817583161995
"345","BA.2",2022-11-19,46,0.018454140052199,0.790237973829789,0.0233526363745383
"346","BA.2",2022-12-03,48,0.0156895298568995,0.79696121139932,0.0196866919399396
"347","BA.2",2022-12-17,50,0.014963629568228,0.814651792792574,0.0183681294273393
"348","BA.2",2022-12-31,52,0.014326987788081,0.832679888833809,0.0172058770485575
"349","BA.2",2023-01-14,54,0.009475470520556,0.845216742658522,0.0112106990341343
"350","BA.2",2023-01-28,56,0.0062222661217675,0.854920001445862,0.00727818522346447
"351","BA.2",2023-02-11,58,0.0051287203095855,0.869256213671179,0.00590012499068035
"352","BA.2",2023-02-25,60,0.0033302410738545,0.867182477471942,0.00384030023711157
"353","BA.2",2023-03-11,62,0.002950356749352,0.861206991801737,0.0034258392900173
"354","BA.2",2023-03-25,64,0.00132560977363,0.868649074953283,0.00152605904024165
"355","BA.2",2023-04-08,66,0.0006376818346325,0.870126799876744,0.000732860813760511
"356","BA.2",2023-04-22,68,0.0011366729740985,0.866055171063636,0.00131247178248761
"357","BA.2",2023-05-06,70,0.001147429080447,0.846316661467427,0.00135579167076479
"358","BA.2",2023-05-20,72,0.000816907704575,0.805142646524474,0.00101461238961979
"359","BA.2",2023-06-03,74,0.0013371562235995,0.753908454091288,0.00177363208535872
"360","BA.2",2023-07-01,78,0.001169111113996,0.672105520090554,0.00173947554223105
"361","BA.2",2023-07-15,80,0.0010449616820555,0.647594249370742,0.00161360556099884
"362","BA.2",2023-07-29,82,0.000849170261063,0.621736373213936,0.00136580437890965
"363","BA.2",2023-09-09,88,0.0010909174452535,0.547743846604135,0.00199165623131487
"364","BA.2",2023-09-23,90,0.0014224792830645,0.532158371788683,0.00267303749874926
"365","BA.2",2023-10-07,92,0.0018901783623735,0.535930152254879,0.00352691177091034
"366","BA.2",2023-11-04,96,0.0017525851726535,0.580318574327976,0.00302003976812743
"367","BA.2",2023-11-18,98,0.000742842850741,0.591206103199511,0.00125648711459651
"368","BA.2",2023-12-02,100,0.0006170077540445,0.642265336355194,0.000960674224684101
"369","BA.2",2023-12-16,102,0.0011901540274265,0.708527769806096,0.00167975635979972
"370","BA.2",2023-12-30,104,0.001508557877969,0.78012631018646,0.00193373541985584
"371","BA.2",2024-01-13,106,0.000982562603895,0.862095063028392,0.00113973811709747
"372","BA.2",2024-01-27,108,0.001033635926433,0.900520692521241,0.00114782029443329
"373","BA.2",2024-03-09,114,0.0011966932215725,0.81257906841347,0.00147270987906321
"374","BA.2",2024-04-20,120,0.0012317827786315,0.694253750611096,0.00177425440992902
"375","BA.2",2024-05-04,122,0.002159448980819,0.653370202227961,0.0033050925393527
"376","BA.2",2024-06-01,126,0.002016196143813,0.671303422364871,0.00300340513193026
"377","BA.2",2024-06-29,130,0.000802877737442,0.74792199805961,0.00107347790214082
"378","BA.2",2024-08-24,138,0.0006332365155685,0.808034296176629,0.000783675295175937
"379","BA.2",2024-10-05,144,0.0003540536131365,0.79188934692833,0.000447099856198146
"380","BA.2",2024-10-19,146,7.790702966e-06,0.728600082433822,1.06927011866041e-05
"381","BA.4/5",2022-01-15,2,3.6359969272e-05,0.963953532585037,3.7719628636552e-05
"382","BA.4/5",2022-01-29,4,3.48917201335e-05,0.993317163778556,3.51264645430798e-05
"383","BA.4/5",2022-02-26,8,0.0007498931445295,0.99899178167834,0.00075064996357593
"384","BA.4/5",2022-03-26,12,0.000804684619652,0.998392809253346,0.000805979983223025
"385","BA.4/5",2022-04-09,14,0.0002538954904595,0.995656193324976,0.000255003174953013
"386","BA.4/5",2022-04-23,16,0.0022873367379365,0.993403068274347,0.00230252634704447
"387","BA.4/5",2022-05-07,18,0.0097466393563085,0.992908492578863,0.00981625137578765
"388","BA.4/5",2022-05-21,20,0.04170345608145,0.993604592200426,0.0419718833918571
"389","BA.4/5",2022-06-04,22,0.14164618961513,0.994614615992759,0.142413139056627
"390","BA.4/5",2022-06-18,24,0.349002037197351,0.994737005494243,0.350848551194641
"391","BA.4/5",2022-07-02,26,0.62090365216136,0.992471883229882,0.625613342456315
"392","BA.4/5",2022-07-16,28,0.824978273361922,0.988218763919577,0.83481340719519
"393","BA.4/5",2022-07-30,30,0.914588116109371,0.980175472774135,0.933086107042511
"394","BA.4/5",2022-08-13,32,0.944503195583821,0.969525176962634,0.974191509438463
"395","BA.4/5",2022-08-27,34,0.943222854286433,0.952714249269775,0.990037521753646
"396","BA.4/5",2022-09-10,36,0.922752147540451,0.930464625449532,0.991711154085675
"397","BA.4/5",2022-09-24,38,0.88735590223223,0.907484901326827,0.977818915702987
"398","BA.4/5",2022-10-08,40,0.815295537235215,0.875943630489929,0.930762561489497
"399","BA.4/5",2022-10-22,42,0.696590600302443,0.844606949896843,0.824751205738387
"400","BA.4/5",2022-11-05,44,0.539710688695778,0.814035692019389,0.663006172809094
"401","BA.4/5",2022-11-19,46,0.376978830085136,0.790237973829789,0.477044691054462
"402","BA.4/5",2022-12-03,48,0.248757492765435,0.79696121139932,0.312132496798259
"403","BA.4/5",2022-12-17,50,0.161225359377568,0.814651792792574,0.197907082269957
"404","BA.4/5",2022-12-31,52,0.106384560698643,0.832679888833809,0.127761655019239
"405","BA.4/5",2023-01-14,54,0.071666018644464,0.845216742658522,0.084790107705448
"406","BA.4/5",2023-01-28,56,0.0487537491862895,0.854920001445862,0.057027264660829
"407","BA.4/5",2023-02-11,58,0.035875977948308,0.869256213671179,0.0412720408368333
"408","BA.4/5",2023-02-25,60,0.0234354296699165,0.867182477471942,0.0270247961400659
"409","BA.4/5",2023-03-11,62,0.0115403826348485,0.861206991801737,0.0134002426184497
"410","BA.4/5",2023-03-25,64,0.0060010596644135,0.868649074953283,0.00690849715661787
"411","BA.4/5",2023-04-08,66,0.003361002309248,0.870126799876744,0.00386265807434514
"412","BA.4/5",2023-04-22,68,0.0023044623667375,0.866055171063636,0.00266087247525732
"413","BA.4/5",2023-05-06,70,0.00112400179205,0.846316661467427,0.00132811020180212
"414","BA.4/5",2023-05-20,72,0.00127876548504,0.805142646524474,0.00158824711442127
"415","BA.4/5",2023-06-03,74,0.001395424478687,0.753908454091288,0.00185092032210854
"416","BA.4/5",2023-06-17,76,0.001096117775887,0.706286423985147,0.00155194512971419
"417","BA.4/5",2023-07-01,78,0.002170466934331,0.672105520090554,0.00322935442345209
"418","BA.4/5",2023-07-15,80,0.0018459166749385,0.647594249370742,0.00285042165944517
"419","BA.4/5",2023-10-07,92,0.000846520677442,0.535930152254879,0.00157953545602974
"420","BQ",2022-01-29,4,5.59292238905e-05,0.993317163778556,5.63055043544667e-05
"421","BQ",2022-02-12,6,3.28523710775e-05,0.998063388215086,3.29161168172419e-05
"422","BQ",2022-08-27,34,0.0003441291519265,0.952714249269775,0.000361209200125078
"423","BQ",2022-09-10,36,0.002293303237821,0.930464625449532,0.00246468610960147
"424","BQ",2022-09-24,38,0.012344311107882,0.907484901326827,0.0136027729936151
"425","BQ",2022-10-08,40,0.047194052487612,0.875943630489929,0.0538779561205504
"426","BQ",2022-10-22,42,0.130409278906882,0.844606949896843,0.154402327523838
"427","BQ",2022-11-05,44,0.253756597638131,0.814035692019389,0.31172662344649
"428","BQ",2022-11-19,46,0.394496761262417,0.790237973829789,0.49921260977948
"429","BQ",2022-12-03,48,0.528983667492867,0.79696121139932,0.663750832445241
"430","BQ",2022-12-17,50,0.623361319303512,0.814651792792574,0.765187439368015
"431","BQ",2022-12-31,52,0.662492677569389,0.832679888833809,0.795615081441715
"432","BQ",2023-01-14,54,0.620438300073147,0.845216742658522,0.734058222890423
"433","BQ",2023-01-28,56,0.495135173201561,0.854920001445862,0.579159655130511
"434","BQ",2023-02-11,58,0.346891280263662,0.869256213671179,0.3990667823916
"435","BQ",2023-02-25,60,0.239457879215479,0.867182477471942,0.276133207757564
"436","BQ",2023-03-11,62,0.167603593319655,0.861206991801737,0.194614761509321
"437","BQ",2023-03-25,64,0.105970877222717,0.868649074953283,0.121995038362778
"438","BQ",2023-04-08,66,0.0577780888415875,0.870126799876744,0.0664019184902384
"439","BQ",2023-04-22,68,0.028277872130275,0.866055171063636,0.0326513518712045
"440","BQ",2023-05-06,70,0.0144775131484495,0.846316661467427,0.0171064966667996
"441","BQ",2023-05-20,72,0.00552702267305,0.805142646524474,0.00686465025409879
"442","BQ",2023-06-03,74,0.0037951929843985,0.753908454091288,0.00503402364544774
"443","BQ",2023-06-17,76,0.005722470261389,0.706286423985147,0.00810219489863696
"444","BQ",2023-07-01,78,0.003271816705819,0.672105520090554,0.0048680104656456
"445","BQ",2023-07-15,80,0.000646422355203,0.647594249370742,0.000998190388242513
"446","BQ",2023-07-29,82,0.0004707532789325,0.621736373213936,0.00075715898122389
"447","BQ",2023-08-12,84,0.000361397105735,0.588542883924675,0.000614053989277787
"448","BQ",2023-11-18,98,0.000511837817612,0.591206103199511,0.00086575191771874
"449","BQ",2023-12-02,100,0.0006170077540445,0.642265336355194,0.000960674224684101
"450","BQ",2024-07-27,134,0.000638800498564,0.784445163968486,0.000814334166243471
"451","EG/HV",2023-02-25,60,0.0001106539348255,0.867182477471942,0.000127601672889061
"452","EG/HV",2023-04-08,66,0.0008664336564835,0.870126799876744,0.000995755626198656
"453","EG/HV",2023-04-22,68,0.0023044318659235,0.866055171063636,0.0026608372571615
"454","EG/HV",2023-05-06,70,0.0036657773889605,0.846316661467427,0.00433144891960938
"455","EG/HV",2023-05-20,72,0.007911541964859,0.805142646524474,0.00982626122092828
"456","EG/HV",2023-06-03,74,0.022790647111833,0.753908454091288,0.0302299927639137
"457","EG/HV",2023-06-17,76,0.034501487389207,0.706286423985147,0.0488491442247126
"458","EG/HV",2023-07-01,78,0.04862629622221,0.672105520090554,0.0723491992978401
"459","EG/HV",2023-07-15,80,0.087584453460295,0.647594249370742,0.135245878951828
"460","EG/HV",2023-07-29,82,0.153508713759948,0.621736373213936,0.246903221965955
"461","EG/HV",2023-08-12,84,0.21154190087691,0.588542883924675,0.359433282866748
"462","EG/HV",2023-08-26,86,0.257340105250478,0.56789136849693,0.453150231762801
"463","EG/HV",2023-09-09,88,0.307769901119172,0.547743846604135,0.56188655158294
"464","EG/HV",2023-09-23,90,0.349161205813288,0.532158371788683,0.656122733989307
"465","EG/HV",2023-10-07,92,0.392508279532194,0.535930152254879,0.732387005808034
"466","EG/HV",2023-10-21,94,0.439189195632935,0.554543401201955,0.791983449232299
"467","EG/HV",2023-11-04,96,0.469435513019562,0.580318574327976,0.808927257865528
"468","EG/HV",2023-11-18,98,0.47369359433651,0.591206103199511,0.801232585003703
"469","EG/HV",2023-12-02,100,0.44683425500989,0.642265336355194,0.695715975496419
"470","EG/HV",2023-12-16,102,0.357905458658933,0.708527769806096,0.505139634480215
"471","EG/HV",2023-12-30,104,0.23422161117196,0.78012631018646,0.300235497910561
"472","EG/HV",2024-01-13,106,0.12821867922321,0.862095063028392,0.148729165404103
"473","EG/HV",2024-01-27,108,0.056012160610408,0.900520692521241,0.0621997485183682
"474","EG/HV",2024-02-10,110,0.0237179324030875,0.897729851305484,0.0264198994481433
"475","EG/HV",2024-02-24,112,0.013999929651618,0.866497651906685,0.0161569158563925
"476","EG/HV",2024-03-09,114,0.00733240833506,0.81257906841347,0.00902362443248292
"477","EG/HV",2024-04-20,120,0.0019599914667195,0.694253750611096,0.00282316295013787
"478","EG/HV",2024-07-27,134,0.0014248786028475,0.784445163968486,0.00181641581629375
"479","EG/HV",2024-08-10,136,0.001193745119963,0.802988148352597,0.00148662856657608
"480","JN.1",2022-03-26,12,0.0002794017036645,0.998392809253346,0.000279851478370975
"481","JN.1",2022-04-09,14,0.00031290629704,0.995656193324976,0.000314271431381404
"482","JN.1",2022-05-07,18,9.8936023278e-05,0.992908492578863,9.96426397975863e-05
"483","JN.1",2022-12-03,48,8.3309085312e-05,0.79696121139932,0.000104533425366743
"484","JN.1",2023-08-26,86,0.0001858587929745,0.56789136849693,0.000327278777746566
"485","JN.1",2023-09-09,88,0.0005317625036695,0.547743846604135,0.000970823327302141
"486","JN.1",2023-09-23,90,0.0008167655032595,0.532158371788683,0.00153481660076905
"487","JN.1",2023-10-21,94,0.001634495420149,0.554543401201955,0.00294746167136113
"488","JN.1",2023-11-04,96,0.0169487847015265,0.580318574327976,0.0292060007232297
"489","JN.1",2023-11-18,98,0.0506438035517935,0.591206103199511,0.0856618415772731
"490","JN.1",2023-12-02,100,0.142997398914304,0.642265336355194,0.22264536293645
"491","JN.1",2023-12-16,102,0.31402915646322,0.708527769806096,0.443213618217337
"492","JN.1",2023-12-30,104,0.524205785070081,0.78012631018646,0.67194988583937
"493","JN.1",2024-01-13,106,0.721577605232597,0.862095063028392,0.837004683332507
"494","JN.1",2024-01-27,108,0.8386988802813,0.900520692521241,0.931348815464911
"495","JN.1",2024-02-10,110,0.874011918902397,0.897729851305484,0.973580100551857
"496","JN.1",2024-02-24,112,0.846864808350801,0.866497651906685,0.977342300336669
"497","JN.1",2024-03-09,114,0.787436753511429,0.81257906841347,0.969058623487397
"498","JN.1",2024-03-23,116,0.716792996972799,0.76134922276833,0.941477282089392
"499","JN.1",2024-04-06,118,0.639489397406578,0.735987053834833,0.868886747497177
"500","JN.1",2024-04-20,120,0.526767887175083,0.694253750611096,0.758754110743243
"501","JN.1",2024-05-04,122,0.395853050053119,0.653370202227961,0.605863335522923
"502","JN.1",2024-05-18,124,0.270409232005477,0.659972848370671,0.409727813307862
"503","JN.1",2024-06-01,126,0.161994000896811,0.671303422364871,0.241312639709385
"504","JN.1",2024-06-15,128,0.109269563108682,0.699191769119352,0.156279818977718
"505","JN.1",2024-06-29,130,0.071611769497394,0.74792199805961,0.0957476443842831
"506","JN.1",2024-07-13,132,0.047882019774988,0.76948608388193,0.0622259723443355
"507","JN.1",2024-07-27,134,0.040380361140706,0.784445163968486,0.0514763338413904
"508","JN.1",2024-08-10,136,0.033686454407871,0.802988148352597,0.0419513718564612
"509","JN.1",2024-08-24,138,0.0260990117676555,0.808034296176629,0.0322993861660923
"510","JN.1",2024-09-07,140,0.0146155314287175,0.814161016955041,0.0179516473085134
"511","JN.1",2024-09-21,142,0.017729654908181,0.817771708592773,0.0216804454371383
"512","JN.1",2024-10-05,144,0.015633898612578,0.79188934692833,0.0197425292728341
"513","JN.1",2024-10-19,146,0.004086161628948,0.728600082433822,0.00560823657238488
"514","KP/LB",2024-02-24,112,0.0030214766156865,0.866497651906685,0.00348699919617542
"515","KP/LB",2024-03-09,114,0.0166132133454085,0.81257906841347,0.0204450422010564
"516","KP/LB",2024-03-23,116,0.0435385407181455,0.76134922276833,0.0571860316082489
"517","KP/LB",2024-04-06,118,0.096497656428255,0.735987053834833,0.131113252502823
"518","KP/LB",2024-04-20,120,0.164294089190662,0.694253750611096,0.236648471896691
"519","KP/LB",2024-05-04,122,0.255357703194023,0.653370202227961,0.390831571937725
"520","KP/LB",2024-05-18,124,0.389563616365195,0.659972848370671,0.590272186692138
"521","KP/LB",2024-06-01,126,0.506030071992427,0.671303422364871,0.753802312238752
"522","KP/LB",2024-06-15,128,0.589922206010669,0.699191769119352,0.843720181022282
"523","KP/LB",2024-06-29,130,0.675507350824774,0.74792199805961,0.903178877713576
"524","KP/LB",2024-07-13,132,0.721604064106942,0.76948608388193,0.937774027655665
"525","KP/LB",2024-07-27,134,0.742001123726368,0.784445163968486,0.945892916176072
"526","KP/LB",2024-08-10,136,0.768107948824763,0.802988148352597,0.956561999576963
"527","KP/LB",2024-08-24,138,0.781302047893405,0.808034296176629,0.966916938538732
"528","KP/LB",2024-09-07,140,0.799545485526324,0.814161016955041,0.982048352691487
"529","KP/LB",2024-09-21,142,0.800042053684592,0.817771708592773,0.978319554562862
"530","KP/LB",2024-10-05,144,0.775341928005219,0.79188934692833,0.979103874818752
"531","KP/LB",2024-10-19,146,0.724500859156251,0.728600082433822,0.994373836379653
"532","XBB",2022-02-12,6,3.28523710775e-05,0.998063388215086,3.29161168172419e-05
"533","XBB",2022-03-12,10,9.63322781895e-05,0.99839054880067,9.64875702251193e-05
"534","XBB",2022-04-09,14,0.0001410132390445,0.995656193324976,0.00014162844563201
"535","XBB",2022-05-07,18,0.000179335293069,0.992908492578863,0.000180616133721664
"536","XBB",2022-05-21,20,0.000164788834809,0.993604592200426,0.000165849510059188
"537","XBB",2022-11-05,44,0.0001870020423665,0.814035692019389,0.00022972216599324
"538","XBB",2022-11-19,46,0.000308242430037,0.790237973829789,0.000390062791519802
"539","XBB",2022-12-03,48,0.0029694123077205,0.79696121139932,0.00372591823196357
"540","XBB",2022-12-17,50,0.0149371058214455,0.814651792792574,0.0183355710422511
"541","XBB",2022-12-31,52,0.049143035641464,0.832679888833809,0.0590179206925367
"542","XBB",2023-01-14,54,0.143636953420355,0.845216742658522,0.169940970369994
"543","XBB",2023-01-28,56,0.304403151363658,0.854920001445862,0.356060392608482
"544","XBB",2023-02-11,58,0.480784348939778,0.869256213671179,0.553098547215733
"545","XBB",2023-02-25,60,0.600848273577867,0.867182477471942,0.69287409419237
"546","XBB",2023-03-11,62,0.679112659097882,0.861206991801737,0.788559156582212
"547","XBB",2023-03-25,64,0.755351528292522,0.868649074953283,0.869570405440363
"548","XBB",2023-04-08,66,0.807483593234793,0.870126799876744,0.928006806995457
"549","XBB",2023-04-22,68,0.831235243938863,0.866055171063636,0.959794793347854
"550","XBB",2023-05-06,70,0.825225599110127,0.846316661467427,0.975078994284798
"551","XBB",2023-05-20,72,0.78960840869695,0.805142646524474,0.980706229020932
"552","XBB",2023-06-03,74,0.72459003329277,0.753908454091288,0.961111431183171
"553","XBB",2023-06-17,76,0.664966348558664,0.706286423985147,0.941496715746936
"554","XBB",2023-07-01,78,0.616867829114198,0.672105520090554,0.917813960270831
"555","XBB",2023-07-15,80,0.55647249519825,0.647594249370742,0.859291903439486
"556","XBB",2023-07-29,82,0.466907735913993,0.621736373213936,0.750973814673912
"557","XBB",2023-08-12,84,0.37663958594203,0.588542883924675,0.639952663143974
"558","XBB",2023-08-26,86,0.309891885146499,0.56789136849693,0.545688669237405
"559","XBB",2023-09-09,88,0.237798908725381,0.547743846604135,0.434142547104218
"560","XBB",2023-09-23,90,0.18075792118907,0.532158371788683,0.339669411911175
"561","XBB",2023-10-07,92,0.140685173682869,0.535930152254879,0.262506546965026
"562","XBB",2023-10-21,94,0.113719710148871,0.554543401201955,0.20506908909634
"563","XBB",2023-11-04,96,0.092181691434234,0.580318574327976,0.158846701643115
"564","XBB",2023-11-18,98,0.0656140246428545,0.591206103199511,0.110983334386709
"565","XBB",2023-12-02,100,0.051199666922912,0.642265336355194,0.0797173131177624
"566","XBB",2023-12-16,102,0.0354030006565155,0.708527769806096,0.0499669909426476
"567","XBB",2023-12-30,104,0.02019035606645,0.78012631018646,0.0258808808302136
"568","XBB",2024-01-13,106,0.0113162159686905,0.862095063028392,0.0131264131462934
"569","XBB",2024-01-27,108,0.004776015703101,0.900520692521241,0.00530361572228763
"570","XBB",2024-02-24,112,0.002611437288579,0.866497651906685,0.00301378461076341
"571","XBB",2024-10-05,144,0.0005594666973965,0.79188934692833,0.000706496052215657
"572","XBB",2024-10-19,146,5.270945657e-06,0.728600082433822,7.23434677552175e-06
